catalogue_id,family,subtype,display_name,realm_id,region_id,wad,physical_id,world_xyz,parent_summary,object_hash_hex,serialized_flag1_hex,unloaded_query,tracking_classification,production_eligibility,production_ready,marker_generation_ready,native_marker_present,mod_marker_policy,mod_marker_allowed,source_catalogue,source_branch,source_commit,source_sha256
artefact_0d53040849957335c6db68809206f5d1,artefact,Alfheim,alf340_trenchbdark / goartifactscript,25B5C98A27101CB7,25B5C98A27101CB7,alf340_trenchbdark.wad,0d530408-4995-7335-c6db-68809206f5d1,"[275.13219010844915,-15.91167821330253,487.92308306455527]",,,,unresolved,unclassified,blocked_unclassified,False,False,,CUSTOM_MARKER_CANDIDATE,False,config/collectibles/v0.10.5/all-collectibles.json,codex/collectible-ship-heads,36bf3438b5453b556ddcbb45637a6c6b939d3252,15e4713ed36d56bfea01ec33aeb94f449ecbe2efc78e4ae7dbe52e9f36b402ba
artefact_48edaa8b407e24bed474bebea8ea3821,artefact,Alfheim,alfdgn110_main / goartifactscript,25B5C98A27101CB7,25B5C98A27101CB7,alfdgn110_main.wad,48edaa8b-407e-24be-d474-bebea8ea3821,"[100.42541322921716,7.3606328972796735,433.7085264862999]",,,,unresolved,unclassified,blocked_unclassified,False,False,,CUSTOM_MARKER_CANDIDATE,False,config/collectibles/v0.10.5/all-collectibles.json,codex/collectible-ship-heads,36bf3438b5453b556ddcbb45637a6c6b939d3252,15e4713ed36d56bfea01ec33aeb94f449ecbe2efc78e4ae7dbe52e9f36b402ba
artefact_56c4354a4141de7afc7f2e8447ab8767,artefact,Alfheim,alf345_trenchbdarktwr / goartifactscript,25B5C98A27101CB7,25B5C98A27101CB7,alf345_trenchbdarktwr.wad,56c4354a-4141-de7a-fc7f-2e8447ab8767,"[371.427475808026,-14.50181972783382,428.18813371151964]",,,,unresolved,unclassified,blocked_unclassified,False,False,,CUSTOM_MARKER_CANDIDATE,False,config/collectibles/v0.10.5/all-collectibles.json,codex/collectible-ship-heads,36bf3438b5453b556ddcbb45637a6c6b939d3252,15e4713ed36d56bfea01ec33aeb94f449ecbe2efc78e4ae7dbe52e9f36b402ba
artefact_5bf15dbc48613f5b548fd2a673d8f7bc,artefact,Alfheim,alf370_moatscripting / goartifactscript,25B5C98A27101CB7,25B5C98A27101CB7,alf370_moatscripting.wad,5bf15dbc-4861-3f5b-548f-d2a673d8f7bc,"[354.4500255435345,-14.634999118149267,482.9851467937302]",,,,unresolved,unclassified,blocked_unclassified,False,False,,CUSTOM_MARKER_CANDIDATE,False,config/collectibles/v0.10.5/all-collectibles.json,codex/collectible-ship-heads,36bf3438b5453b556ddcbb45637a6c6b939d3252,15e4713ed36d56bfea01ec33aeb94f449ecbe2efc78e4ae7dbe52e9f36b402ba
artefact_6e3739ea4ac8107c495a61af774a9b03,artefact,Alfheim,alfdgn210_main / goartifactscript,25B5C98A27101CB7,25B5C98A27101CB7,alfdgn210_main.wad,6e3739ea-4ac8-107c-495a-61af774a9b03,"[355.35086409977396,3.1937765268345952,268.7490916224034]",,,,unresolved,unclassified,blocked_unclassified,False,False,,CUSTOM_MARKER_CANDIDATE,False,config/collectibles/v0.10.5/all-collectibles.json,codex/collectible-ship-heads,36bf3438b5453b556ddcbb45637a6c6b939d3252,15e4713ed36d56bfea01ec33aeb94f449ecbe2efc78e4ae7dbe52e9f36b402ba
artefact_707ae0e24dc7bc9a56c19eb7ce17b351,artefact,Alfheim,alf325_trenchadarktwr / goartifactscript,25B5C98A27101CB7,25B5C98A27101CB7,alf325_trenchadarktwr.wad,707ae0e2-4dc7-bc9a-56c1-9eb7ce17b351,"[330.96459756685726,-19.838755807205604,344.5806616441241]",,,,unresolved,unclassified,blocked_unclassified,False,False,,CUSTOM_MARKER_CANDIDATE,False,config/collectibles/v0.10.5/all-collectibles.json,codex/collectible-ship-heads,36bf3438b5453b556ddcbb45637a6c6b939d3252,15e4713ed36d56bfea01ec33aeb94f449ecbe2efc78e4ae7dbe52e9f36b402ba
artefact_7d8a35dc4d6aabf8065e1ead0c470fcc,artefact,Ship Head,xpl940_beachcave / goartifactscript,7CE593BC21393690,018E0CE2EAEAA53D,xpl940_beachcave.wad,7d8a35dc-4d6a-abf8-065e-1ead0c470fcc,"[100.53295403112952,2.0206246376037598,-176.91596472170585]",RegionSummary_BC_Shiphead_Parent,,,unresolved,unclassified,blocked_unclassified,False,False,,CUSTOM_MARKER_CANDIDATE,False,config/collectibles/v0.10.5/all-collectibles.json,codex/collectible-ship-heads,36bf3438b5453b556ddcbb45637a6c6b939d3252,15e4713ed36d56bfea01ec33aeb94f449ecbe2efc78e4ae7dbe52e9f36b402ba
artefact_5bb11ed5419b42caba813598d29ca473,artefact,Ship Head,xpl950_beachmaze / goartifactscript,7CE593BC21393690,018E325B7D1CFC3B,xpl950_beachmaze.wad,5bb11ed5-419b-42ca-ba81-3598d29ca473,"[-182.69279926829176,-0.4959319829940796,312.8584548104641]",RegionSummary_BM_Shiphead_Parent,,,unresolved,unclassified,blocked_unclassified,False,False,,CUSTOM_MARKER_CANDIDATE,False,config/collectibles/v0.10.5/all-collectibles.json,codex/collectible-ship-heads,36bf3438b5453b556ddcbb45637a6c6b939d3252,15e4713ed36d56bfea01ec33aeb94f449ecbe2efc78e4ae7dbe52e9f36b402ba
artefact_fda837834b361579d4a29194810c3d09,artefact,Ship Head,xpl910_islandshipwreck / goartifactscript,7CE593BC21393690,2FDD4E80C774CB0E,xpl910_islandshipwreck.wad,fda83783-4b36-1579-d4a2-9194810c3d09,"[-170.1243218462434,2.5339055339153447,-225.88551124984124]",RegionSummary_ISW_Shiphead_Parent,,,unresolved,unclassified,blocked_unclassified,False,False,,CUSTOM_MARKER_CANDIDATE,False,config/collectibles/v0.10.5/all-collectibles.json,codex/collectible-ship-heads,36bf3438b5453b556ddcbb45637a6c6b939d3252,15e4713ed36d56bfea01ec33aeb94f449ecbe2efc78e4ae7dbe52e9f36b402ba
artefact_01a8ba24409b5fb49a1c18b43669fe44,artefact,Ship Head,xpl970_beachtower / goartifactscript,7CE593BC21393690,3A9BFC89F5AB6FE3,xpl970_beachtower.wad,01a8ba24-409b-5fb4-9a1c-18b43669fe44,"[-260.6669448151499,-4.169470753105234,183.62904925949533]",RegionSummary_BT_Shiphead_Parent,,,unresolved,unclassified,blocked_unclassified,False,False,,CUSTOM_MARKER_CANDIDATE,False,config/collectibles/v0.10.5/all-collectibles.json,codex/collectible-ship-heads,36bf3438b5453b556ddcbb45637a6c6b939d3252,15e4713ed36d56bfea01ec33aeb94f449ecbe2efc78e4ae7dbe52e9f36b402ba
artefact_0a43e4954d4fff46abb9ca8e34d875c0,artefact,Mask,riv200_dangersmain / goartifactscript,7CE593BC21393690,4EFD98E8E80E1239,riv200_dangersmain.wad,0a43e495-4d4f-ff46-abb9-ca8e34d875c0,"[-292.83758544921875,89.57117462158203,-489.80206298828125]",,,,unresolved,unclassified,blocked_unclassified,False,False,,CUSTOM_MARKER_CANDIDATE,False,config/collectibles/v0.10.5/all-collectibles.json,codex/collectible-ship-heads,36bf3438b5453b556ddcbb45637a6c6b939d3252,15e4713ed36d56bfea01ec33aeb94f449ecbe2efc78e4ae7dbe52e9f36b402ba
artefact_0da7cb9744da59cb80fe319d95cada55,artefact,Mask,riv325_dangersexit / goartifactscript,7CE593BC21393690,4EFD98E8E80E1239,riv325_dangersexit.wad,0da7cb97-44da-59cb-80fe-319d95cada55,"[-249.92156982421875,94.0,-406.1949768066406]",,,,unresolved,unclassified,blocked_unclassified,False,False,,CUSTOM_MARKER_CANDIDATE,False,config/collectibles/v0.10.5/all-collectibles.json,codex/collectible-ship-heads,36bf3438b5453b556ddcbb45637a6c6b939d3252,15e4713ed36d56bfea01ec33aeb94f449ecbe2efc78e4ae7dbe52e9f36b402ba
artefact_28b7fe1349cdc49da573c6a0657f0a9d,artefact,Mask,riv475_freyahouseext / goartifactscript,7CE593BC21393690,4EFD98E8E80E1239,riv475_freyahouseext.wad,28b7fe13-49cd-c49d-a573-c6a0657f0a9d,"[-399.1138610839844,64.6949462890625,-7.915152072906494]",,,,unresolved,unclassified,blocked_unclassified,False,False,,CUSTOM_MARKER_CANDIDATE,False,config/collectibles/v0.10.5/all-collectibles.json,codex/collectible-ship-heads,36bf3438b5453b556ddcbb45637a6c6b939d3252,15e4713ed36d56bfea01ec33aeb94f449ecbe2efc78e4ae7dbe52e9f36b402ba
artefact_468c195b480889e354742b876aef3a11,artefact,Mask,riv430_forestboartrack / goartifactscript,7CE593BC21393690,4EFD98E8E80E1239,riv430_forestboartrack.wad,468c195b-4808-89e3-5474-2b876aef3a11,"[-402.8504943847656,72.12367248535156,-241.0500030517578]",,,,unresolved,unclassified,blocked_unclassified,False,False,,CUSTOM_MARKER_CANDIDATE,False,config/collectibles/v0.10.5/all-collectibles.json,codex/collectible-ship-heads,36bf3438b5453b556ddcbb45637a6c6b939d3252,15e4713ed36d56bfea01ec33aeb94f449ecbe2efc78e4ae7dbe52e9f36b402ba
artefact_6fa420df406be3d033b7eea35a4d10fe,artefact,Mask,riv400_forestintro / goartifactscript,7CE593BC21393690,4EFD98E8E80E1239,riv400_forestintro.wad,6fa420df-406b-e3d0-33b7-eea35a4d10fe,"[-319.61309814453125,97.84989929199219,-386.5510559082031]",,,,unresolved,unclassified,blocked_unclassified,False,False,,CUSTOM_MARKER_CANDIDATE,False,config/collectibles/v0.10.5/all-collectibles.json,codex/collectible-ship-heads,36bf3438b5453b556ddcbb45637a6c6b939d3252,15e4713ed36d56bfea01ec33aeb94f449ecbe2efc78e4ae7dbe52e9f36b402ba
artefact_85c29c2b420306564c28b5b09e22532c,artefact,Mask,riv200_dangersmain / goartifactscript,7CE593BC21393690,4EFD98E8E80E1239,riv200_dangersmain.wad,85c29c2b-4203-0656-4c28-b5b09e22532c,"[-254.59226989746094,85.55776977539062,-544.8109130859375]",,,,unresolved,unclassified,blocked_unclassified,False,False,,CUSTOM_MARKER_CANDIDATE,False,config/collectibles/v0.10.5/all-collectibles.json,codex/collectible-ship-heads,36bf3438b5453b556ddcbb45637a6c6b939d3252,15e4713ed36d56bfea01ec33aeb94f449ecbe2efc78e4ae7dbe52e9f36b402ba
artefact_cf7627ad486711d9eab3339782e5a147,artefact,Mask,riv475_freyahouseext / goartifactscript,7CE593BC21393690,4EFD98E8E80E1239,riv475_freyahouseext.wad,cf7627ad-4867-11d9-eab3-339782e5a147,"[-459.3570861816406,58.965755462646484,-62.86992645263672]",,,,unresolved,unclassified,blocked_unclassified,False,False,,CUSTOM_MARKER_CANDIDATE,False,config/collectibles/v0.10.5/all-collectibles.json,codex/collectible-ship-heads,36bf3438b5453b556ddcbb45637a6c6b939d3252,15e4713ed36d56bfea01ec33aeb94f449ecbe2efc78e4ae7dbe52e9f36b402ba
artefact_fa511e0a422421b7acc01fa5829c4fe3,artefact,Mask,riv925_freyacave / goartifactscript,7CE593BC21393690,4EFD98E8E80E1239,riv925_freyacave.wad,fa511e0a-4224-21b7-acc0-1fa5829c4fe3,"[-453.1854553222656,42.00374221801758,-21.04703140258789]",,,,unresolved,unclassified,blocked_unclassified,False,False,,CUSTOM_MARKER_CANDIDATE,False,config/collectibles/v0.10.5/all-collectibles.json,codex/collectible-ship-heads,36bf3438b5453b556ddcbb45637a6c6b939d3252,15e4713ed36d56bfea01ec33aeb94f449ecbe2efc78e4ae7dbe52e9f36b402ba
artefact_379728fc47e4a966be1fc9926011184b,artefact,Ship Head,xpl980_beachwaterfall / goartifactscript,7CE593BC21393690,6732D984CAA9285A,xpl980_beachwaterfall.wad,379728fc-47e4-a966-be1f-c9926011184b,"[125.73279654383242,-0.652341365814209,394.7159733964613]",RegionSummary_BW_Shiphead_Parent,,,unresolved,unclassified,blocked_unclassified,False,False,,CUSTOM_MARKER_CANDIDATE,False,config/collectibles/v0.10.5/all-collectibles.json,codex/collectible-ship-heads,36bf3438b5453b556ddcbb45637a6c6b939d3252,15e4713ed36d56bfea01ec33aeb94f449ecbe2efc78e4ae7dbe52e9f36b402ba
artefact_6cffc9884efa77b424baf987adfdba6a,artefact,Ship Head,xpl980_beachwaterfall / goartifactscript,7CE593BC21393690,6732D984CAA9285A,xpl980_beachwaterfall.wad,6cffc988-4efa-77b4-24ba-f987adfdba6a,"[115.25951366519803,5.969723701477051,223.703513477275]",RegionSummary_BW_Shiphead_Parent,,,unresolved,unclassified,blocked_unclassified,False,False,,CUSTOM_MARKER_CANDIDATE,False,config/collectibles/v0.10.5/all-collectibles.json,codex/collectible-ship-heads,36bf3438b5453b556ddcbb45637a6c6b939d3252,15e4713ed36d56bfea01ec33aeb94f449ecbe2efc78e4ae7dbe52e9f36b402ba
artefact_8916f55c4511b74ba8601ba7ef3d86bb,artefact,Toy,for650_bridge / goartifactscript,7CE593BC21393690,7AF9D3D169EFE9B7,for650_bridge.wad,8916f55c-4511-b74b-a860-1ba7ef3d86bb,"[-101.64340209960938,51.483001708984375,-843.2872314453125]",,,,unresolved,unclassified,blocked_unclassified,False,False,,CUSTOM_MARKER_CANDIDATE,False,config/collectibles/v0.10.5/all-collectibles.json,codex/collectible-ship-heads,36bf3438b5453b556ddcbb45637a6c6b939d3252,15e4713ed36d56bfea01ec33aeb94f449ecbe2efc78e4ae7dbe52e9f36b402ba
artefact_a0588a9442f0118bdce0cda751b8605d,artefact,Toy,for400_intersection / goartifactscript,7CE593BC21393690,7AF9D3D169EFE9B7,for400_intersection.wad,a0588a94-42f0-118b-dce0-cda751b8605d,"[-239.73155212402344,43.49934387207031,-719.2489013671875]",,,,unresolved,unclassified,blocked_unclassified,False,False,,CUSTOM_MARKER_CANDIDATE,False,config/collectibles/v0.10.5/all-collectibles.json,codex/collectible-ship-heads,36bf3438b5453b556ddcbb45637a6c6b939d3252,15e4713ed36d56bfea01ec33aeb94f449ecbe2efc78e4ae7dbe52e9f36b402ba
artefact_ab662cc14c4a21327111dea1a34b96c3,artefact,Toy,for560_wolfpit / goartifactscript,7CE593BC21393690,7AF9D3D169EFE9B7,for560_wolfpit.wad,ab662cc1-4c4a-2132-7111-dea1a34b96c3,"[-133.6966094970703,40.08399963378906,-727.6832275390625]",,,,unresolved,unclassified,blocked_unclassified,False,False,,CUSTOM_MARKER_CANDIDATE,False,config/collectibles/v0.10.5/all-collectibles.json,codex/collectible-ship-heads,36bf3438b5453b556ddcbb45637a6c6b939d3252,15e4713ed36d56bfea01ec33aeb94f449ecbe2efc78e4ae7dbe52e9f36b402ba
artefact_4a3d314942f187f69ee5b78302e118fe,artefact,Ship Head,cal100_hub / goartifactscript,7CE593BC21393690,7B7F0B522FFA9124,cal100_hub.wad,4a3d3149-42f1-87f6-9ee5-b78302e118fe,"[189.61231994628906,6.012497901916504,55.892852783203125]",RegionSummary_CALS_Shiphead_Parent,,,unresolved,unclassified,blocked_unclassified,False,False,,CUSTOM_MARKER_CANDIDATE,False,config/collectibles/v0.10.5/all-collectibles.json,codex/collectible-ship-heads,36bf3438b5453b556ddcbb45637a6c6b939d3252,15e4713ed36d56bfea01ec33aeb94f449ecbe2efc78e4ae7dbe52e9f36b402ba
artefact_989065ff4bde64f5ec957da2759037cb,artefact,Toy,for200_house / goartifactscript,7CE593BC21393690,7B7F0B522FFA9124,for200_house.wad,989065ff-4bde-64f5-ec95-7da2759037cb,"[-298.02593994140625,45.0,-698.8649291992188]",RegionSummary_CALS_Shiphead_Parent,,,unresolved,unclassified,blocked_unclassified,False,False,,CUSTOM_MARKER_CANDIDATE,False,config/collectibles/v0.10.5/all-collectibles.json,codex/collectible-ship-heads,36bf3438b5453b556ddcbb45637a6c6b939d3252,15e4713ed36d56bfea01ec33aeb94f449ecbe2efc78e4ae7dbe52e9f36b402ba
artefact_bd9a46a34b8fd4660be2129e27fa4004,artefact,Ship Head,xpl960_beachship / goartifactscript,7CE593BC21393690,7B7F0B522FFA9124,xpl960_beachship.wad,bd9a46a3-4b8f-d466-0be2-129e27fa4004,"[-223.79661998937502,5.981132507324219,-115.03532851553268]",RegionSummary_CALS_Shiphead_Parent,,,unresolved,unclassified,blocked_unclassified,False,False,,CUSTOM_MARKER_CANDIDATE,False,config/collectibles/v0.10.5/all-collectibles.json,codex/collectible-ship-heads,36bf3438b5453b556ddcbb45637a6c6b939d3252,15e4713ed36d56bfea01ec33aeb94f449ecbe2efc78e4ae7dbe52e9f36b402ba
artefact_c9b7e23040c21e2da5fe8ba4be8ad415,artefact,Mask,riv350_calderavista / goartifactscript,7CE593BC21393690,7B7F0B522FFA9124,riv350_calderavista.wad,c9b7e230-40c2-1e2d-a5fe-8ba4be8ad415,"[-259.4920654296875,99.52106475830078,-372.33697509765625]",RegionSummary_CALS_Shiphead_Parent,,,unresolved,unclassified,blocked_unclassified,False,False,,CUSTOM_MARKER_CANDIDATE,False,config/collectibles/v0.10.5/all-collectibles.json,codex/collectible-ship-heads,36bf3438b5453b556ddcbb45637a6c6b939d3252,15e4713ed36d56bfea01ec33aeb94f449ecbe2efc78e4ae7dbe52e9f36b402ba
artefact_f7fbfc3f44991b3da37871879e6de737,artefact,Ship Head,cal100_hub / goartifactscript,7CE593BC21393690,7B7F0B522FFA9124,cal100_hub.wad,f7fbfc3f-4499-1b3d-a378-71879e6de737,"[22.059829711914062,-4.013091564178467,110.69004821777344]",RegionSummary_CALS_Shiphead_Parent,,,unresolved,unclassified,blocked_unclassified,False,False,,CUSTOM_MARKER_CANDIDATE,False,config/collectibles/v0.10.5/all-collectibles.json,codex/collectible-ship-heads,36bf3438b5453b556ddcbb45637a6c6b939d3252,15e4713ed36d56bfea01ec33aeb94f449ecbe2efc78e4ae7dbe52e9f36b402ba
artefact_xpl200funeralwad2768cb29f445634bb075f7a858cabcc3,artefact,Horn,xpl200_funeral / goartifactscript,7CE593BC21393690,A1845BEF17F0E7BB,xpl200_funeral.wad,xpl200_funeral.wad:2768cb29f445634bb075f7a858cabcc3,"[-120.04229736328125,8.303046226501465,722.9823265075684]",,,,unresolved,unclassified,blocked_unclassified,False,False,,CUSTOM_MARKER_CANDIDATE,False,config/collectibles/v0.10.5/all-collectibles.json,codex/collectible-ship-heads,36bf3438b5453b556ddcbb45637a6c6b939d3252,15e4713ed36d56bfea01ec33aeb94f449ecbe2efc78e4ae7dbe52e9f36b402ba
artefact_xpl200funeralwad52e9ebf8ef1b3343b5d025a73ad6fa91,artefact,Horn,xpl200_funeral / goartifactscript,7CE593BC21393690,A1845BEF17F0E7BB,xpl200_funeral.wad,xpl200_funeral.wad:52e9ebf8ef1b3343b5d025a73ad6fa91,"[35.40749549865722,-1.5199477672576904,696.2235908508301]",,,,unresolved,unclassified,blocked_unclassified,False,False,,CUSTOM_MARKER_CANDIDATE,False,config/collectibles/v0.10.5/all-collectibles.json,codex/collectible-ship-heads,36bf3438b5453b556ddcbb45637a6c6b939d3252,15e4713ed36d56bfea01ec33aeb94f449ecbe2efc78e4ae7dbe52e9f36b402ba
artefact_xpl200funeralwadb6e2b2a41a1b3e4c9ff1f8e5f877039a,artefact,Horn,xpl200_funeral / goartifactscript,7CE593BC21393690,A1845BEF17F0E7BB,xpl200_funeral.wad,xpl200_funeral.wad:b6e2b2a41a1b3e4c9ff1f8e5f877039a,"[-74.49282836914064,12.447737891829934,747.7499313354492]",,,,unresolved,unclassified,blocked_unclassified,False,False,,CUSTOM_MARKER_CANDIDATE,False,config/collectibles/v0.10.5/all-collectibles.json,codex/collectible-ship-heads,36bf3438b5453b556ddcbb45637a6c6b939d3252,15e4713ed36d56bfea01ec33aeb94f449ecbe2efc78e4ae7dbe52e9f36b402ba
artefact_xpl200funeralwadbb9465a7407c9849bf891e0205dac801,artefact,Horn,xpl200_funeral / goartifactscript,7CE593BC21393690,A1845BEF17F0E7BB,xpl200_funeral.wad,xpl200_funeral.wad:bb9465a7407c9849bf891e0205dac801,"[-50.93006896972656,3.63771915435791,668.9225814342499]",,,,unresolved,unclassified,blocked_unclassified,False,False,,CUSTOM_MARKER_CANDIDATE,False,config/collectibles/v0.10.5/all-collectibles.json,codex/collectible-ship-heads,36bf3438b5453b556ddcbb45637a6c6b939d3252,15e4713ed36d56bfea01ec33aeb94f449ecbe2efc78e4ae7dbe52e9f36b402ba
artefact_xpl250funeralinteriorwad3f176e49e0a0cd4f8cf59ada5fe9c2d8,artefact,Horn,xpl250_funeralinterior / goartifactscript,7CE593BC21393690,A1845BEF17F0E7BB,xpl250_funeralinterior.wad,xpl250_funeralinterior.wad:3f176e49e0a0cd4f8cf59ada5fe9c2d8,"[-73.85822296142582,18.561697006225586,829.4726257324219]",,,,unresolved,unclassified,blocked_unclassified,False,False,,CUSTOM_MARKER_CANDIDATE,False,config/collectibles/v0.10.5/all-collectibles.json,codex/collectible-ship-heads,36bf3438b5453b556ddcbb45637a6c6b939d3252,15e4713ed36d56bfea01ec33aeb94f449ecbe2efc78e4ae7dbe52e9f36b402ba
artefact_xpl250funeralinteriorwad4813767722fa414b9a3d4972dc8874e7,artefact,Horn,xpl250_funeralinterior / goartifactscript,7CE593BC21393690,A1845BEF17F0E7BB,xpl250_funeralinterior.wad,xpl250_funeralinterior.wad:4813767722fa414b9a3d4972dc8874e7,"[-130.05815124511722,8.469715118408203,801.1135406494141]",,,,unresolved,unclassified,blocked_unclassified,False,False,,CUSTOM_MARKER_CANDIDATE,False,config/collectibles/v0.10.5/all-collectibles.json,codex/collectible-ship-heads,36bf3438b5453b556ddcbb45637a6c6b939d3252,15e4713ed36d56bfea01ec33aeb94f449ecbe2efc78e4ae7dbe52e9f36b402ba
artefact_33f59ee746f63f40199e5f90cad3c236,artefact,Cup,peak210_rollerroomlh / goartifactscript,7CE593BC21393690,ED623FA0A76B2934,peak210_rollerroomlh.wad,33f59ee7-46f6-3f40-199e-5f90cad3c236,"[-314.3712711852529,134.87400817871094,756.104115936498]",,,,unresolved,unclassified,blocked_unclassified,False,False,,CUSTOM_MARKER_CANDIDATE,False,config/collectibles/v0.10.5/all-collectibles.json,codex/collectible-ship-heads,36bf3438b5453b556ddcbb45637a6c6b939d3252,15e4713ed36d56bfea01ec33aeb94f449ecbe2efc78e4ae7dbe52e9f36b402ba
artefact_6f83c0ef48eda412050135a827d51a7a,artefact,Cup,peak200_chimneylow / goartifactscript,7CE593BC21393690,ED623FA0A76B2934,peak200_chimneylow.wad,6f83c0ef-48ed-a412-0501-35a827d51a7a,"[-354.1749267578125,134.80557250976562,752.798095703125]",,,,unresolved,unclassified,blocked_unclassified,False,False,,CUSTOM_MARKER_CANDIDATE,False,config/collectibles/v0.10.5/all-collectibles.json,codex/collectible-ship-heads,36bf3438b5453b556ddcbb45637a6c6b939d3252,15e4713ed36d56bfea01ec33aeb94f449ecbe2efc78e4ae7dbe52e9f36b402ba
artefact_b18794364cc6b6a5c08596ab8699f35b,artefact,Cup,peak740_summitpeak / goartifactscript,7CE593BC21393690,ED623FA0A76B2934,peak740_summitpeak.wad,b1879436-4cc6-b6a5-c085-96ab8699f35b,"[-669.3370361328125,1218.848876953125,877.0452880859375]",,,,unresolved,unclassified,blocked_unclassified,False,False,,CUSTOM_MARKER_CANDIDATE,False,config/collectibles/v0.10.5/all-collectibles.json,codex/collectible-ship-heads,36bf3438b5453b556ddcbb45637a6c6b939d3252,15e4713ed36d56bfea01ec33aeb94f449ecbe2efc78e4ae7dbe52e9f36b402ba
artefact_b52df62545c16741e6f2278f9e2ccc32,artefact,Cup,peak720_summitascenthub / goartifactscript,7CE593BC21393690,ED623FA0A76B2934,peak720_summitascenthub.wad,b52df625-45c1-6741-e6f2-278f9e2ccc32,"[-476.61143146792267,1180.5871165930294,908.5095809434155]",,,,unresolved,unclassified,blocked_unclassified,False,False,,CUSTOM_MARKER_CANDIDATE,False,config/collectibles/v0.10.5/all-collectibles.json,codex/collectible-ship-heads,36bf3438b5453b556ddcbb45637a6c6b939d3252,15e4713ed36d56bfea01ec33aeb94f449ecbe2efc78e4ae7dbe52e9f36b402ba
artefact_f5bd8953457f9662d074d798a111abfc,artefact,Cup,peak780_summitexit / goartifactscript,7CE593BC21393690,ED623FA0A76B2934,peak780_summitexit.wad,f5bd8953-457f-9662-d074-d798a111abfc,"[-525.630859375,1177.8656005859375,901.624755859375]",,,,unresolved,unclassified,blocked_unclassified,False,False,,CUSTOM_MARKER_CANDIDATE,False,config/collectibles/v0.10.5/all-collectibles.json,codex/collectible-ship-heads,36bf3438b5453b556ddcbb45637a6c6b939d3252,15e4713ed36d56bfea01ec33aeb94f449ecbe2efc78e4ae7dbe52e9f36b402ba
artefact_fae85e594ef79ee2e204719767dd5287,artefact,Cup,peak140_caverndark / goartifactscript,7CE593BC21393690,ED623FA0A76B2934,peak140_caverndark.wad,fae85e59-4ef7-9ee2-e204-719767dd5287,"[-485.3886672665679,110.42542266845703,679.8582047439272]",,,,unresolved,unclassified,blocked_unclassified,False,False,,CUSTOM_MARKER_CANDIDATE,False,config/collectibles/v0.10.5/all-collectibles.json,codex/collectible-ship-heads,36bf3438b5453b556ddcbb45637a6c6b939d3252,15e4713ed36d56bfea01ec33aeb94f449ecbe2efc78e4ae7dbe52e9f36b402ba
artefact_c7f91ac1447cff68599696bbbb58e7b7,artefact,Brooch,hel350_chiselarena / goartifactscript,FE4E39694E7F6B29,FE4E39694E7F6B29,hel350_chiselarena.wad,c7f91ac1-447c-ff68-5996-96bbbb58e7b7,"[339.189697265625,-12.176112174987793,-72.8429183959961]",,,,unresolved,unclassified,blocked_unclassified,False,False,,CUSTOM_MARKER_CANDIDATE,False,config/collectibles/v0.10.5/all-collectibles.json,codex/collectible-ship-heads,36bf3438b5453b556ddcbb45637a6c6b939d3252,15e4713ed36d56bfea01ec33aeb94f449ecbe2efc78e4ae7dbe52e9f36b402ba
artefact_eb672a1647b1f7e64595e48f821670f5,artefact,Brooch,hel100_calderaheldressing / goartifactscript,FE4E39694E7F6B29,FE4E39694E7F6B29,hel100_calderaheldressing.wad,eb672a16-47b1-f7e6-4595-e48f821670f5,"[43.02701187133789,5.994022369384766,74.14008331298828]",,,,unresolved,unclassified,blocked_unclassified,False,False,,CUSTOM_MARKER_CANDIDATE,False,config/collectibles/v0.10.5/all-collectibles.json,codex/collectible-ship-heads,36bf3438b5453b556ddcbb45637a6c6b939d3252,15e4713ed36d56bfea01ec33aeb94f449ecbe2efc78e4ae7dbe52e9f36b402ba
artefact_hel300mainbridgewad00c124ebae0bc24f8b64cc6305246b22,artefact,Brooch,hel300_mainbridge / goartifactscript,FE4E39694E7F6B29,FE4E39694E7F6B29,hel300_mainbridge.wad,hel300_mainbridge.wad:00c124ebae0bc24f8b64cc6305246b22,"[349.6027526855469,10.181880401447415,20.612043380737305]",,,,unresolved,unclassified,blocked_unclassified,False,False,,CUSTOM_MARKER_CANDIDATE,False,config/collectibles/v0.10.5/all-collectibles.json,codex/collectible-ship-heads,36bf3438b5453b556ddcbb45637a6c6b939d3252,15e4713ed36d56bfea01ec33aeb94f449ecbe2efc78e4ae7dbe52e9f36b402ba
artefact_hel300mainbridgewadb5b33ffb0d723f44a135047d5a839e32,artefact,Brooch,hel300_mainbridge / goartifactscript,FE4E39694E7F6B29,FE4E39694E7F6B29,hel300_mainbridge.wad,hel300_mainbridge.wad:b5b33ffb0d723f44a135047d5a839e32,"[335.30490704998374,0.13154832646250725,61.9241441488266]",,,,unresolved,unclassified,blocked_unclassified,False,False,,CUSTOM_MARKER_CANDIDATE,False,config/collectibles/v0.10.5/all-collectibles.json,codex/collectible-ship-heads,36bf3438b5453b556ddcbb45637a6c6b939d3252,15e4713ed36d56bfea01ec33aeb94f449ecbe2efc78e4ae7dbe52e9f36b402ba
artefact_hel300mainbridgewade4b6326ae64d514490a45593d471478f,artefact,Brooch,hel300_mainbridge / goartifactscript,FE4E39694E7F6B29,FE4E39694E7F6B29,hel300_mainbridge.wad,hel300_mainbridge.wad:e4b6326ae64d514490a45593d471478f,"[323.1978759765625,-2.953357458114624,13.62077808380127]",,,,unresolved,unclassified,blocked_unclassified,False,False,,CUSTOM_MARKER_CANDIDATE,False,config/collectibles/v0.10.5/all-collectibles.json,codex/collectible-ship-heads,36bf3438b5453b556ddcbb45637a6c6b939d3252,15e4713ed36d56bfea01ec33aeb94f449ecbe2efc78e4ae7dbe52e9f36b402ba
legendary_chest_040af4fa440ef7ba52f8e8b317ac3200,legendary_chest,Legendary,alf600_templeint / gochestscript,25B5C98A27101CB7,25B5C98A27101CB7,alf600_templeint.wad,040af4fa-440e-f7ba-52f8-e8b317ac3200,"[449.326551836818,0.6959366383590435,554.9825271786149]",RegionSummary_LegendaryChest_Parent_Alfheim,,,unresolved,tracked_candidate,blocked_direct_binding_and_marker_path,False,False,,CUSTOM_MARKER_CANDIDATE,False,config/collectibles/v0.10.5/all-collectibles.json,codex/collectible-legendary-chests,e14bef3f09f17f3f10f2e12b95640d7417b8cdc5,067da61017d362f20a38ec7908facf4af8abefcdc29cf7f82aad7aaf89d4d3b4
legendary_chest_48f9e1694dc722a549f42893d5b79d9f,legendary_chest,Legendary,alfdgn110_main / gochestscript,25B5C98A27101CB7,25B5C98A27101CB7,alfdgn110_main.wad,48f9e169-4dc7-22a5-49f4-2893d5b79d9f,"[62.930845848712806,1.4350001999735804,427.7040412498762]",RegionSummary_LegendaryChest_Parent_Alfheim,,,unresolved,tracked_candidate,blocked_direct_binding_and_marker_path,False,False,,CUSTOM_MARKER_CANDIDATE,False,config/collectibles/v0.10.5/all-collectibles.json,codex/collectible-legendary-chests,e14bef3f09f17f3f10f2e12b95640d7417b8cdc5,067da61017d362f20a38ec7908facf4af8abefcdc29cf7f82aad7aaf89d4d3b4
legendary_chest_91a9f92a45d2d3fdb92279b4612ab5d7,legendary_chest,Legendary,alf370_moatscripting / gochestscript,25B5C98A27101CB7,25B5C98A27101CB7,alf370_moatscripting.wad,91a9f92a-45d2-d3fd-b922-79b4612ab5d7,"[403.1204737016655,-14.09075629170195,496.3911277988473]",RegionSummary_LegendaryChest_Parent_Alfheim,,,unresolved,tracked_candidate,blocked_direct_binding_and_marker_path,False,False,,CUSTOM_MARKER_CANDIDATE,False,config/collectibles/v0.10.5/all-collectibles.json,codex/collectible-legendary-chests,e14bef3f09f17f3f10f2e12b95640d7417b8cdc5,067da61017d362f20a38ec7908facf4af8abefcdc29cf7f82aad7aaf89d4d3b4
legendary_chest_b97f559c471fab8850a2ae8741370020,legendary_chest,Legendary,alfdgn210_main / gochestscript,25B5C98A27101CB7,25B5C98A27101CB7,alfdgn210_main.wad,b97f559c-471f-ab88-50a2-ae8741370020,"[368.24355861519416,7.599999690055853,278.0945959401806]",RegionSummary_LegendaryChest_Parent_Alfheim,,,unresolved,tracked_candidate,blocked_direct_binding_and_marker_path,False,False,,CUSTOM_MARKER_CANDIDATE,False,config/collectibles/v0.10.5/all-collectibles.json,codex/collectible-legendary-chests,e14bef3f09f17f3f10f2e12b95640d7417b8cdc5,067da61017d362f20a38ec7908facf4af8abefcdc29cf7f82aad7aaf89d4d3b4
legendary_chest_c14a0f2b4559d859347854bccb307f63,legendary_chest,Legendary,alf340_trenchbdark / gochestscript,25B5C98A27101CB7,25B5C98A27101CB7,alf340_trenchbdark.wad,c14a0f2b-4559-d859-3478-54bccb307f63,"[207.383847970102,-15.509999065995203,351.0991389790312]",RegionSummary_LegendaryChest_Parent_Alfheim,,,unresolved,tracked_candidate,blocked_direct_binding_and_marker_path,False,False,,CUSTOM_MARKER_CANDIDATE,False,config/collectibles/v0.10.5/all-collectibles.json,codex/collectible-legendary-chests,e14bef3f09f17f3f10f2e12b95640d7417b8cdc5,067da61017d362f20a38ec7908facf4af8abefcdc29cf7f82aad7aaf89d4d3b4
legendary_chest_0656339a4c04a3698b80c0ae57ed2e24,legendary_chest,Legendary,msp100_base / gochestscript,64F56AEB8C58F771,64F56AEB8C58F771,msp100_base.wad,0656339a-4c04-a369-8b80-c0ae57ed2e24,"[-198.7155418395996,195.51600003242493,56.854970060288906]",,,,unresolved,explained_untracked,excluded_from_map_accounting,False,False,,CUSTOM_MARKER_CANDIDATE,False,config/collectibles/v0.10.5/all-collectibles.json,codex/collectible-legendary-chests,e14bef3f09f17f3f10f2e12b95640d7417b8cdc5,067da61017d362f20a38ec7908facf4af8abefcdc29cf7f82aad7aaf89d4d3b4
legendary_chest_0e87c24a40632a8e064968874d2b33fc,legendary_chest,Legendary,msp100_base / gochestscript,64F56AEB8C58F771,64F56AEB8C58F771,msp100_base.wad,0e87c24a-4063-2a8e-0649-68874d2b33fc,"[-199.12185096740723,195.51600003242493,43.22194465994835]",,,,unresolved,explained_untracked,excluded_from_map_accounting,False,False,,CUSTOM_MARKER_CANDIDATE,False,config/collectibles/v0.10.5/all-collectibles.json,codex/collectible-legendary-chests,e14bef3f09f17f3f10f2e12b95640d7417b8cdc5,067da61017d362f20a38ec7908facf4af8abefcdc29cf7f82aad7aaf89d4d3b4
legendary_chest_0f68bc8d434fc653dd119d88fe25ac39,legendary_chest,Legendary,msp100_base / gochestscript,64F56AEB8C58F771,64F56AEB8C58F771,msp100_base.wad,0f68bc8d-434f-c653-dd11-9d88fe25ac39,"[-198.7155418395996,195.51600003242493,56.854970060288906]",,,,unresolved,explained_untracked,excluded_from_map_accounting,False,False,,CUSTOM_MARKER_CANDIDATE,False,config/collectibles/v0.10.5/all-collectibles.json,codex/collectible-legendary-chests,e14bef3f09f17f3f10f2e12b95640d7417b8cdc5,067da61017d362f20a38ec7908facf4af8abefcdc29cf7f82aad7aaf89d4d3b4
legendary_chest_1426a75646869538a1aab6834be04997,legendary_chest,Legendary,msp100_base / gochestscript,64F56AEB8C58F771,64F56AEB8C58F771,msp100_base.wad,1426a756-4686-9538-a1aa-b6834be04997,"[-199.14754104614258,195.51600003242493,43.235970062203705]",,,,unresolved,explained_untracked,excluded_from_map_accounting,False,False,,CUSTOM_MARKER_CANDIDATE,False,config/collectibles/v0.10.5/all-collectibles.json,codex/collectible-legendary-chests,e14bef3f09f17f3f10f2e12b95640d7417b8cdc5,067da61017d362f20a38ec7908facf4af8abefcdc29cf7f82aad7aaf89d4d3b4
legendary_chest_167c0b9e442495b37cbbe6b0a59421c9,legendary_chest,Legendary,msp100_base / gochestscript,64F56AEB8C58F771,64F56AEB8C58F771,msp100_base.wad,167c0b9e-4424-95b3-7cbb-e6b0a59421c9,"[-198.7155418395996,195.51600003242493,56.854970060288906]",,,,unresolved,explained_untracked,excluded_from_map_accounting,False,False,,CUSTOM_MARKER_CANDIDATE,False,config/collectibles/v0.10.5/all-collectibles.json,codex/collectible-legendary-chests,e14bef3f09f17f3f10f2e12b95640d7417b8cdc5,067da61017d362f20a38ec7908facf4af8abefcdc29cf7f82aad7aaf89d4d3b4
legendary_chest_1ea4b3d24aaae3001a7c779588579d23,legendary_chest,Legendary,msp100_base / gochestscript,64F56AEB8C58F771,64F56AEB8C58F771,msp100_base.wad,1ea4b3d2-4aaa-e300-1a7c-779588579d23,"[-198.7155418395996,195.51600003242493,56.854970060288906]",,,,unresolved,explained_untracked,excluded_from_map_accounting,False,False,,CUSTOM_MARKER_CANDIDATE,False,config/collectibles/v0.10.5/all-collectibles.json,codex/collectible-legendary-chests,e14bef3f09f17f3f10f2e12b95640d7417b8cdc5,067da61017d362f20a38ec7908facf4af8abefcdc29cf7f82aad7aaf89d4d3b4
legendary_chest_2106ba90475100c6a58ea0ac3e44f84b,legendary_chest,Legendary,msp100_base / gochestscript,64F56AEB8C58F771,64F56AEB8C58F771,msp100_base.wad,2106ba90-4751-00c6-a58e-a0ac3e44f84b,"[-165.473876953125,133.0,-83.5414810180664]",,,,unresolved,explained_untracked,excluded_from_map_accounting,False,False,,CUSTOM_MARKER_CANDIDATE,False,config/collectibles/v0.10.5/all-collectibles.json,codex/collectible-legendary-chests,e14bef3f09f17f3f10f2e12b95640d7417b8cdc5,067da61017d362f20a38ec7908facf4af8abefcdc29cf7f82aad7aaf89d4d3b4
legendary_chest_3398a59742fb97a1ffa90a999575ad86,legendary_chest,Legendary,msp100_base / gochestscript,64F56AEB8C58F771,64F56AEB8C58F771,msp100_base.wad,3398a597-42fb-97a1-ffa9-0a999575ad86,"[-282.5,41.59260940551758,-109.5]",,,,unresolved,explained_untracked,excluded_from_map_accounting,False,False,,CUSTOM_MARKER_CANDIDATE,False,config/collectibles/v0.10.5/all-collectibles.json,codex/collectible-legendary-chests,e14bef3f09f17f3f10f2e12b95640d7417b8cdc5,067da61017d362f20a38ec7908facf4af8abefcdc29cf7f82aad7aaf89d4d3b4
legendary_chest_3a43afc448ef450e8db6478342603b96,legendary_chest,Legendary,msp100_base / gochestscript,64F56AEB8C58F771,64F56AEB8C58F771,msp100_base.wad,3a43afc4-48ef-450e-8db6-478342603b96,"[-217.49998474121094,92.1552963256836,-56.0]",,,,unresolved,explained_untracked,excluded_from_map_accounting,False,False,,CUSTOM_MARKER_CANDIDATE,False,config/collectibles/v0.10.5/all-collectibles.json,codex/collectible-legendary-chests,e14bef3f09f17f3f10f2e12b95640d7417b8cdc5,067da61017d362f20a38ec7908facf4af8abefcdc29cf7f82aad7aaf89d4d3b4
legendary_chest_4e9ceb3946ffc7ee27f94a8421e26426,legendary_chest,Legendary,msp100_base / gochestscript,64F56AEB8C58F771,64F56AEB8C58F771,msp100_base.wad,4e9ceb39-46ff-c7ee-27f9-4a8421e26426,"[-262.0,74.07794189453125,0.5]",,,,unresolved,explained_untracked,excluded_from_map_accounting,False,False,,CUSTOM_MARKER_CANDIDATE,False,config/collectibles/v0.10.5/all-collectibles.json,codex/collectible-legendary-chests,e14bef3f09f17f3f10f2e12b95640d7417b8cdc5,067da61017d362f20a38ec7908facf4af8abefcdc29cf7f82aad7aaf89d4d3b4
legendary_chest_5ee9b99949168a003242f99b3a7a9e40,legendary_chest,Legendary,msp100_base / gochestscript,64F56AEB8C58F771,64F56AEB8C58F771,msp100_base.wad,5ee9b999-4916-8a00-3242-f99b3a7a9e40,"[-315.2967529296875,24.19428062438965,-22.0200252532959]",,,,unresolved,explained_untracked,excluded_from_map_accounting,False,False,,CUSTOM_MARKER_CANDIDATE,False,config/collectibles/v0.10.5/all-collectibles.json,codex/collectible-legendary-chests,e14bef3f09f17f3f10f2e12b95640d7417b8cdc5,067da61017d362f20a38ec7908facf4af8abefcdc29cf7f82aad7aaf89d4d3b4
legendary_chest_62733a594d3d75eafab57d8f356c5e5d,legendary_chest,Legendary,msp100_base / gochestscript,64F56AEB8C58F771,64F56AEB8C58F771,msp100_base.wad,62733a59-4d3d-75ea-fab5-7d8f356c5e5d,"[-282.5,41.59260940551758,-109.5]",,,,unresolved,explained_untracked,excluded_from_map_accounting,False,False,,CUSTOM_MARKER_CANDIDATE,False,config/collectibles/v0.10.5/all-collectibles.json,codex/collectible-legendary-chests,e14bef3f09f17f3f10f2e12b95640d7417b8cdc5,067da61017d362f20a38ec7908facf4af8abefcdc29cf7f82aad7aaf89d4d3b4
legendary_chest_778c66804cd49dc1154a6e87d91b6f94,legendary_chest,Legendary,msp100_base / gochestscript,64F56AEB8C58F771,64F56AEB8C58F771,msp100_base.wad,778c6680-4cd4-9dc1-154a-6e87d91b6f94,"[-262.0,74.07794189453125,0.5]",,,,unresolved,explained_untracked,excluded_from_map_accounting,False,False,,CUSTOM_MARKER_CANDIDATE,False,config/collectibles/v0.10.5/all-collectibles.json,codex/collectible-legendary-chests,e14bef3f09f17f3f10f2e12b95640d7417b8cdc5,067da61017d362f20a38ec7908facf4af8abefcdc29cf7f82aad7aaf89d4d3b4
legendary_chest_7e85dc2d4905c3d53d06388e05fa3a3d,legendary_chest,Legendary,msp100_base / gochestscript,64F56AEB8C58F771,64F56AEB8C58F771,msp100_base.wad,7e85dc2d-4905-c3d5-3d06-388e05fa3a3d,"[-315.302734375,24.194644927978516,-22.0]",,,,unresolved,explained_untracked,excluded_from_map_accounting,False,False,,CUSTOM_MARKER_CANDIDATE,False,config/collectibles/v0.10.5/all-collectibles.json,codex/collectible-legendary-chests,e14bef3f09f17f3f10f2e12b95640d7417b8cdc5,067da61017d362f20a38ec7908facf4af8abefcdc29cf7f82aad7aaf89d4d3b4
legendary_chest_8666ad60456472e7c4678183988ff6a6,legendary_chest,Legendary,msp100_base / gochestscript,64F56AEB8C58F771,64F56AEB8C58F771,msp100_base.wad,8666ad60-4564-72e7-c467-8183988ff6a6,"[-199.14754104614258,195.51600003242493,43.235970062203705]",,,,unresolved,explained_untracked,excluded_from_map_accounting,False,False,,CUSTOM_MARKER_CANDIDATE,False,config/collectibles/v0.10.5/all-collectibles.json,codex/collectible-legendary-chests,e14bef3f09f17f3f10f2e12b95640d7417b8cdc5,067da61017d362f20a38ec7908facf4af8abefcdc29cf7f82aad7aaf89d4d3b4
legendary_chest_86a82b8b451b29c7671ece9c0c3b02b6,legendary_chest,Legendary,msp100_base / gochestscript,64F56AEB8C58F771,64F56AEB8C58F771,msp100_base.wad,86a82b8b-451b-29c7-671e-ce9c0c3b02b6,"[-217.49998474121094,92.1552963256836,-56.0]",,,,unresolved,explained_untracked,excluded_from_map_accounting,False,False,,CUSTOM_MARKER_CANDIDATE,False,config/collectibles/v0.10.5/all-collectibles.json,codex/collectible-legendary-chests,e14bef3f09f17f3f10f2e12b95640d7417b8cdc5,067da61017d362f20a38ec7908facf4af8abefcdc29cf7f82aad7aaf89d4d3b4
legendary_chest_8751f6cc4bc76143fafe0fbbd24835e7,legendary_chest,Legendary,msp100_base / gochestscript,64F56AEB8C58F771,64F56AEB8C58F771,msp100_base.wad,8751f6cc-4bc7-6143-fafe-0fbbd24835e7,"[-217.49998474121094,92.1552963256836,-56.0]",,,,unresolved,explained_untracked,excluded_from_map_accounting,False,False,,CUSTOM_MARKER_CANDIDATE,False,config/collectibles/v0.10.5/all-collectibles.json,codex/collectible-legendary-chests,e14bef3f09f17f3f10f2e12b95640d7417b8cdc5,067da61017d362f20a38ec7908facf4af8abefcdc29cf7f82aad7aaf89d4d3b4
legendary_chest_986af1ac43ce92971070738ef0f0e26f,legendary_chest,Legendary,msp100_base / gochestscript,64F56AEB8C58F771,64F56AEB8C58F771,msp100_base.wad,986af1ac-43ce-9297-1070-738ef0f0e26f,"[-199.14754104614258,195.51600003242493,43.235970062203705]",,,,unresolved,explained_untracked,excluded_from_map_accounting,False,False,,CUSTOM_MARKER_CANDIDATE,False,config/collectibles/v0.10.5/all-collectibles.json,codex/collectible-legendary-chests,e14bef3f09f17f3f10f2e12b95640d7417b8cdc5,067da61017d362f20a38ec7908facf4af8abefcdc29cf7f82aad7aaf89d4d3b4
legendary_chest_9af2b5194b2e647634c4a89eebf594cd,legendary_chest,Legendary,msp100_base / gochestscript,64F56AEB8C58F771,64F56AEB8C58F771,msp100_base.wad,9af2b519-4b2e-6476-34c4-a89eebf594cd,"[-165.473876953125,133.0,-83.5414810180664]",,,,unresolved,explained_untracked,excluded_from_map_accounting,False,False,,CUSTOM_MARKER_CANDIDATE,False,config/collectibles/v0.10.5/all-collectibles.json,codex/collectible-legendary-chests,e14bef3f09f17f3f10f2e12b95640d7417b8cdc5,067da61017d362f20a38ec7908facf4af8abefcdc29cf7f82aad7aaf89d4d3b4
legendary_chest_a727239b4ba27f22bd1f34bef81b9c26,legendary_chest,Legendary,msp100_base / gochestscript,64F56AEB8C58F771,64F56AEB8C58F771,msp100_base.wad,a727239b-4ba2-7f22-bd1f-34bef81b9c26,"[-165.473876953125,133.0,-83.5414810180664]",,,,unresolved,explained_untracked,excluded_from_map_accounting,False,False,,CUSTOM_MARKER_CANDIDATE,False,config/collectibles/v0.10.5/all-collectibles.json,codex/collectible-legendary-chests,e14bef3f09f17f3f10f2e12b95640d7417b8cdc5,067da61017d362f20a38ec7908facf4af8abefcdc29cf7f82aad7aaf89d4d3b4
legendary_chest_a7fa046d4390121fef12309f326e5a73,legendary_chest,Legendary,msp100_base / gochestscript,64F56AEB8C58F771,64F56AEB8C58F771,msp100_base.wad,a7fa046d-4390-121f-ef12-309f326e5a73,"[-199.14754104614258,195.51600003242493,43.235970062203705]",,,,unresolved,explained_untracked,excluded_from_map_accounting,False,False,,CUSTOM_MARKER_CANDIDATE,False,config/collectibles/v0.10.5/all-collectibles.json,codex/collectible-legendary-chests,e14bef3f09f17f3f10f2e12b95640d7417b8cdc5,067da61017d362f20a38ec7908facf4af8abefcdc29cf7f82aad7aaf89d4d3b4
legendary_chest_a9e88e5d4159d86d6bbdaf98ea1421ef,legendary_chest,Legendary,msp100_base / gochestscript,64F56AEB8C58F771,64F56AEB8C58F771,msp100_base.wad,a9e88e5d-4159-d86d-6bbd-af98ea1421ef,"[-198.7155418395996,195.51600003242493,56.854970060288906]",,,,unresolved,explained_untracked,excluded_from_map_accounting,False,False,,CUSTOM_MARKER_CANDIDATE,False,config/collectibles/v0.10.5/all-collectibles.json,codex/collectible-legendary-chests,e14bef3f09f17f3f10f2e12b95640d7417b8cdc5,067da61017d362f20a38ec7908facf4af8abefcdc29cf7f82aad7aaf89d4d3b4
legendary_chest_af802a024b7ebfbf480f449f9c033616,legendary_chest,Legendary,msp100_base / gochestscript,64F56AEB8C58F771,64F56AEB8C58F771,msp100_base.wad,af802a02-4b7e-bfbf-480f-449f9c033616,"[-315.302734375,24.19428062438965,-22.0]",,,,unresolved,explained_untracked,excluded_from_map_accounting,False,False,,CUSTOM_MARKER_CANDIDATE,False,config/collectibles/v0.10.5/all-collectibles.json,codex/collectible-legendary-chests,e14bef3f09f17f3f10f2e12b95640d7417b8cdc5,067da61017d362f20a38ec7908facf4af8abefcdc29cf7f82aad7aaf89d4d3b4
legendary_chest_b7e0c5d14e1cf09b614010bbc6cacf16,legendary_chest,Legendary,msp100_base / gochestscript,64F56AEB8C58F771,64F56AEB8C58F771,msp100_base.wad,b7e0c5d1-4e1c-f09b-6140-10bbc6cacf16,"[-198.7155418395996,195.51600003242493,56.854970060288906]",,,,unresolved,explained_untracked,excluded_from_map_accounting,False,False,,CUSTOM_MARKER_CANDIDATE,False,config/collectibles/v0.10.5/all-collectibles.json,codex/collectible-legendary-chests,e14bef3f09f17f3f10f2e12b95640d7417b8cdc5,067da61017d362f20a38ec7908facf4af8abefcdc29cf7f82aad7aaf89d4d3b4
legendary_chest_d389c19140167b88d7a6819e7c392c93,legendary_chest,Legendary,msp100_base / gochestscript,64F56AEB8C58F771,64F56AEB8C58F771,msp100_base.wad,d389c191-4016-7b88-d7a6-819e7c392c93,"[-282.5,41.59260940551758,-109.5]",,,,unresolved,explained_untracked,excluded_from_map_accounting,False,False,,CUSTOM_MARKER_CANDIDATE,False,config/collectibles/v0.10.5/all-collectibles.json,codex/collectible-legendary-chests,e14bef3f09f17f3f10f2e12b95640d7417b8cdc5,067da61017d362f20a38ec7908facf4af8abefcdc29cf7f82aad7aaf89d4d3b4
legendary_chest_d3cc74624839fc657d7ecd8f255e0113,legendary_chest,Legendary,msp100_base / gochestscript,64F56AEB8C58F771,64F56AEB8C58F771,msp100_base.wad,d3cc7462-4839-fc65-7d7e-cd8f255e0113,"[-262.0,74.07794189453125,0.5]",,,,unresolved,explained_untracked,excluded_from_map_accounting,False,False,,CUSTOM_MARKER_CANDIDATE,False,config/collectibles/v0.10.5/all-collectibles.json,codex/collectible-legendary-chests,e14bef3f09f17f3f10f2e12b95640d7417b8cdc5,067da61017d362f20a38ec7908facf4af8abefcdc29cf7f82aad7aaf89d4d3b4
legendary_chest_ed7fec9d410885a9729dc3baab012f1f,legendary_chest,Legendary,msp100_base / gochestscript,64F56AEB8C58F771,64F56AEB8C58F771,msp100_base.wad,ed7fec9d-4108-85a9-729d-c3baab012f1f,"[-199.14754104614258,195.51600003242493,43.235970062203705]",,,,unresolved,explained_untracked,excluded_from_map_accounting,False,False,,CUSTOM_MARKER_CANDIDATE,False,config/collectibles/v0.10.5/all-collectibles.json,codex/collectible-legendary-chests,e14bef3f09f17f3f10f2e12b95640d7417b8cdc5,067da61017d362f20a38ec7908facf4af8abefcdc29cf7f82aad7aaf89d4d3b4
legendary_chest_890a24d24d2864a1567af691c615870f,legendary_chest,Legendary,xpl100_httk / gochestscript,7CE593BC21393690,0000489975E7755D,xpl100_httk.wad,890a24d2-4d28-64a1-567a-f691c615870f,"[301.87047576904297,-23.513999938964844,-534.9374084472656]",RegionSummary_LegendaryChest_Parent_HTTK,,,unresolved,tracked_candidate,blocked_direct_binding_and_marker_path,False,False,,CUSTOM_MARKER_CANDIDATE,False,config/collectibles/v0.10.5/all-collectibles.json,codex/collectible-legendary-chests,e14bef3f09f17f3f10f2e12b95640d7417b8cdc5,067da61017d362f20a38ec7908facf4af8abefcdc29cf7f82aad7aaf89d4d3b4
legendary_chest_ede160a54530f55a7667f5a39257843c,legendary_chest,Legendary,xpl950_beachmaze / gochestscript,7CE593BC21393690,018E325B7D1CFC3B,xpl950_beachmaze.wad,ede160a5-4530-f55a-7667-f5a39257843c,"[-185.1200031483653,-20.280537009239197,253.38048333398194]",RegionSummary_LegendaryChest_Parent_BeachMaze,,,unresolved,tracked_candidate,blocked_direct_binding_and_marker_path,False,False,,CUSTOM_MARKER_CANDIDATE,False,config/collectibles/v0.10.5/all-collectibles.json,codex/collectible-legendary-chests,e14bef3f09f17f3f10f2e12b95640d7417b8cdc5,067da61017d362f20a38ec7908facf4af8abefcdc29cf7f82aad7aaf89d4d3b4
legendary_chest_23d3213f45e38b632ed8048e876e472d,legendary_chest,Legendary,xpl900_islandarch / gochestscript,7CE593BC21393690,0B6DF6C03C11EAB1,xpl900_islandarch.wad,23d3213f-45e3-8b63-2ed8-048e876e472d,"[35.31472457867079,-25.01800036430359,306.75586361372115]",RegionSummary_LegendaryChest_Parent_IslandArch,,,unresolved,tracked_candidate,blocked_direct_binding_and_marker_path,False,False,,CUSTOM_MARKER_CANDIDATE,False,config/collectibles/v0.10.5/all-collectibles.json,codex/collectible-legendary-chests,e14bef3f09f17f3f10f2e12b95640d7417b8cdc5,067da61017d362f20a38ec7908facf4af8abefcdc29cf7f82aad7aaf89d4d3b4
legendary_chest_9226bd444f0f0b95dbeb7c927c6b317b,legendary_chest,Legendary,xpl900_islandarch / gochestscript,7CE593BC21393690,0B6DF6C03C11EAB1,xpl900_islandarch.wad,9226bd44-4f0f-0b95-dbeb-7c927c6b317b,"[69.12615446701687,-20.879000425338745,311.6267362146935]",RegionSummary_LegendaryChest_Parent_IslandArch,,,unresolved,tracked_candidate,blocked_direct_binding_and_marker_path,False,False,,CUSTOM_MARKER_CANDIDATE,False,config/collectibles/v0.10.5/all-collectibles.json,codex/collectible-legendary-chests,e14bef3f09f17f3f10f2e12b95640d7417b8cdc5,067da61017d362f20a38ec7908facf4af8abefcdc29cf7f82aad7aaf89d4d3b4
legendary_chest_9c0dc602456a00fa44bca1a3b599cf67,legendary_chest,Legendary,xpl910_islandshipwreck / gochestscript,7CE593BC21393690,2FDD4E80C774CB0E,xpl910_islandshipwreck.wad,9c0dc602-456a-00fa-44bc-a1a3b599cf67,"[-194.27186131602303,2.5333447734507217,-246.8355027079403]",RegionSummary_LegendaryChest_Parent_IslandShipwreck,,,unresolved,tracked_candidate,blocked_direct_binding_and_marker_path,False,False,,CUSTOM_MARKER_CANDIDATE,False,config/collectibles/v0.10.5/all-collectibles.json,codex/collectible-legendary-chests,e14bef3f09f17f3f10f2e12b95640d7417b8cdc5,067da61017d362f20a38ec7908facf4af8abefcdc29cf7f82aad7aaf89d4d3b4
legendary_chest_d6fb0fd64364453cc3e334a2454e0b75,legendary_chest,Legendary,xpl910_islandshipwreck / gochestscript,7CE593BC21393690,2FDD4E80C774CB0E,xpl910_islandshipwreck.wad,d6fb0fd6-4364-453c-c3e3-34a2454e0b75,"[-192.28995898033702,-14.96668517788143,-186.71769804945382]",RegionSummary_LegendaryChest_Parent_IslandShipwreck,,,unresolved,tracked_candidate,blocked_direct_binding_and_marker_path,False,False,,CUSTOM_MARKER_CANDIDATE,False,config/collectibles/v0.10.5/all-collectibles.json,codex/collectible-legendary-chests,e14bef3f09f17f3f10f2e12b95640d7417b8cdc5,067da61017d362f20a38ec7908facf4af8abefcdc29cf7f82aad7aaf89d4d3b4
legendary_chest_f714d2d845a3dd9e28808db4655e757f,legendary_chest,Legendary,cal740_leftwing / gochestscript,7CE593BC21393690,329C09A6AB45B3C4,cal740_leftwing.wad,f714d2d8-45a3-dd9e-2880-8db4655e757f,"[8.554201126098633,-41.0285758972168,10.19240951538086]",RegionSummary_LegendaryChest_Parent_TheHallofTyr,,,unresolved,tracked_candidate,blocked_direct_binding_and_marker_path,False,False,,CUSTOM_MARKER_CANDIDATE,False,config/collectibles/v0.10.5/all-collectibles.json,codex/collectible-legendary-chests,e14bef3f09f17f3f10f2e12b95640d7417b8cdc5,067da61017d362f20a38ec7908facf4af8abefcdc29cf7f82aad7aaf89d4d3b4
legendary_chest_9d7648ab43bf99f90b0cbd86b0a998f1,legendary_chest,Legendary,xpl400_huldramines / gochestscript,7CE593BC21393690,3E2B34150449C3E7,xpl400_huldramines.wad,9d7648ab-43bf-99f9-0b0c-bd86b0a998f1,"[-153.41607379913333,-15.803226470947266,657.2417831420898]",RegionSummary_LegendaryChest_Parent_HuldraMine01,,,unresolved,tracked_candidate,blocked_direct_binding_and_marker_path,False,False,,CUSTOM_MARKER_CANDIDATE,False,config/collectibles/v0.10.5/all-collectibles.json,codex/collectible-legendary-chests,e14bef3f09f17f3f10f2e12b95640d7417b8cdc5,067da61017d362f20a38ec7908facf4af8abefcdc29cf7f82aad7aaf89d4d3b4
legendary_chest_11e085df4bd47deee3a3448bff9efc62,legendary_chest,Legendary,riv475_freyahouseext / gochestscript,7CE593BC21393690,4EFD98E8E80E1239,riv475_freyahouseext.wad,11e085df-4bd4-7dee-e3a3-448bff9efc62,"[-454.25,59.0,7.0]",RegionSummary_LegendaryChest_Parent_Riverpass,,,unresolved,tracked_candidate,blocked_direct_binding_and_marker_path,False,False,,CUSTOM_MARKER_CANDIDATE,False,config/collectibles/v0.10.5/all-collectibles.json,codex/collectible-legendary-chests,e14bef3f09f17f3f10f2e12b95640d7417b8cdc5,067da61017d362f20a38ec7908facf4af8abefcdc29cf7f82aad7aaf89d4d3b4
legendary_chest_36cb588e41cb27a4668052b4529b98a6,legendary_chest,Legendary,riv925_freyacave / gochestscript,7CE593BC21393690,4EFD98E8E80E1239,riv925_freyacave.wad,36cb588e-41cb-27a4-6680-52b4529b98a6,"[-411.79998779296875,42.5,2.25]",RegionSummary_LegendaryChest_Parent_Riverpass,,,unresolved,tracked_candidate,blocked_direct_binding_and_marker_path,False,False,,CUSTOM_MARKER_CANDIDATE,False,config/collectibles/v0.10.5/all-collectibles.json,codex/collectible-legendary-chests,e14bef3f09f17f3f10f2e12b95640d7417b8cdc5,067da61017d362f20a38ec7908facf4af8abefcdc29cf7f82aad7aaf89d4d3b4
legendary_chest_3c05899e46a619015d4cfb995fb61be0,legendary_chest,Legendary,riv925_freyacave / gochestscript,7CE593BC21393690,4EFD98E8E80E1239,riv925_freyacave.wad,3c05899e-46a6-1901-5d4c-fb995fb61be0,"[-411.8531188964844,46.198631286621094,17.027807235717773]",,,,unresolved,explained_untracked,excluded_from_map_accounting,False,False,,CUSTOM_MARKER_CANDIDATE,False,config/collectibles/v0.10.5/all-collectibles.json,codex/collectible-legendary-chests,e14bef3f09f17f3f10f2e12b95640d7417b8cdc5,067da61017d362f20a38ec7908facf4af8abefcdc29cf7f82aad7aaf89d4d3b4
legendary_chest_8aabd22a44df8f25a955fe8e04fc0d95,legendary_chest,Legendary,riv100_dangersentrance / gochestscript,7CE593BC21393690,4EFD98E8E80E1239,riv100_dangersentrance.wad,8aabd22a-44df-8f25-a955-fe8e04fc0d95,"[-258.3981628417969,90.0,-578.4330444335938]",RegionSummary_LegendaryChest_Parent_Riverpass,,,unresolved,tracked_candidate,blocked_direct_binding_and_marker_path,False,False,,CUSTOM_MARKER_CANDIDATE,False,config/collectibles/v0.10.5/all-collectibles.json,codex/collectible-legendary-chests,e14bef3f09f17f3f10f2e12b95640d7417b8cdc5,067da61017d362f20a38ec7908facf4af8abefcdc29cf7f82aad7aaf89d4d3b4
legendary_chest_ae9454d54e9c9a23f21941b41a4038d3,legendary_chest,Legendary,riv925_freyacave / gochestscript,7CE593BC21393690,4EFD98E8E80E1239,riv925_freyacave.wad,ae9454d5-4e9c-9a23-f219-41b41a4038d3,"[-399.4270324707031,46.009830474853516,-37.59158706665039]",RegionSummary_LegendaryChest_Parent_Riverpass,,,unresolved,tracked_candidate,blocked_direct_binding_and_marker_path,False,False,,CUSTOM_MARKER_CANDIDATE,False,config/collectibles/v0.10.5/all-collectibles.json,codex/collectible-legendary-chests,e14bef3f09f17f3f10f2e12b95640d7417b8cdc5,067da61017d362f20a38ec7908facf4af8abefcdc29cf7f82aad7aaf89d4d3b4
legendary_chest_0a04b4de469f3b030064d6827966b213,legendary_chest,Legendary,foot400_arena / gochestscript,7CE593BC21393690,62F2A92841484ABF,foot400_arena.wad,0a04b4de-469f-3b03-0064-d6827966b213,"[-377.5042724609375,38.04733657836914,374.8517150878906]",RegionSummary_LegendaryChest_Parent_Foothills,,,unresolved,tracked_candidate,blocked_direct_binding_and_marker_path,False,False,,CUSTOM_MARKER_CANDIDATE,False,config/collectibles/v0.10.5/all-collectibles.json,codex/collectible-legendary-chests,e14bef3f09f17f3f10f2e12b95640d7417b8cdc5,067da61017d362f20a38ec7908facf4af8abefcdc29cf7f82aad7aaf89d4d3b4
legendary_chest_510bd86441ac6a7b71d4f59321c2a08f,legendary_chest,Legendary,foot200_mid / gochestscript,7CE593BC21393690,62F2A92841484ABF,foot200_mid.wad,510bd864-41ac-6a7b-71d4-f59321c2a08f,"[-394.4670104980469,23.17099952697754,287.92401123046875]",RegionSummary_LegendaryChest_Parent_Foothills,,,unresolved,tracked_candidate,blocked_direct_binding_and_marker_path,False,False,,CUSTOM_MARKER_CANDIDATE,False,config/collectibles/v0.10.5/all-collectibles.json,codex/collectible-legendary-chests,e14bef3f09f17f3f10f2e12b95640d7417b8cdc5,067da61017d362f20a38ec7908facf4af8abefcdc29cf7f82aad7aaf89d4d3b4
legendary_chest_50480b3a40fe25c4770f81a7261cbcb8,legendary_chest,Legendary,xpl980_beachwaterfall / gochestscript,7CE593BC21393690,6732D984CAA9285A,xpl980_beachwaterfall.wad,50480b3a-40fe-25c4-770f-81a7261cbcb8,"[143.12376021628353,-2.6823670864105225,382.3302518460225]",RegionSummary_LegendaryChest_Parent_BeachWaterfall,,,unresolved,tracked_candidate,blocked_direct_binding_and_marker_path,False,False,,CUSTOM_MARKER_CANDIDATE,False,config/collectibles/v0.10.5/all-collectibles.json,codex/collectible-legendary-chests,e14bef3f09f17f3f10f2e12b95640d7417b8cdc5,067da61017d362f20a38ec7908facf4af8abefcdc29cf7f82aad7aaf89d4d3b4
legendary_chest_ace99ef5472abcbac29bd2b396a3fdf3,legendary_chest,Legendary,xpl980_beachwaterfall / gochestscript,7CE593BC21393690,6732D984CAA9285A,xpl980_beachwaterfall.wad,ace99ef5-472a-bcba-c29b-d2b396a3fdf3,"[96.0206266997138,-20.694000244140625,365.7096838349609]",RegionSummary_LegendaryChest_Parent_BeachWaterfall,,,unresolved,tracked_candidate,blocked_direct_binding_and_marker_path,False,False,,CUSTOM_MARKER_CANDIDATE,False,config/collectibles/v0.10.5/all-collectibles.json,codex/collectible-legendary-chests,e14bef3f09f17f3f10f2e12b95640d7417b8cdc5,067da61017d362f20a38ec7908facf4af8abefcdc29cf7f82aad7aaf89d4d3b4
legendary_chest_529343984fc313504ac20da874d05c01,legendary_chest,Legendary,xpl920_islandclimb / gochestscript,7CE593BC21393690,6CB9C4F417D29A91,xpl920_islandclimb.wad,52934398-4fc3-1350-4ac2-0da874d05c01,"[237.04469289824766,0.9680004119873047,-30.207650585440433]",RegionSummary_LegendaryChest_Parent_IslandClimb,,,unresolved,tracked_candidate,blocked_direct_binding_and_marker_path,False,False,,CUSTOM_MARKER_CANDIDATE,False,config/collectibles/v0.10.5/all-collectibles.json,codex/collectible-legendary-chests,e14bef3f09f17f3f10f2e12b95640d7417b8cdc5,067da61017d362f20a38ec7908facf4af8abefcdc29cf7f82aad7aaf89d4d3b4
legendary_chest_a24ac28d4ea8598d880d7bb099b8b8be,legendary_chest,Legendary,xpl300_stronghold / gochestscript,7CE593BC21393690,7071EB6E695042F0,xpl300_stronghold.wad,a24ac28d-4ea8-598d-880d-7bb099b8b8be,"[714.3377075195312,-17.807006359100342,-218.12824630737293]",,,,unresolved,unresolved,blocked_unresolved_classification,False,False,,CUSTOM_MARKER_CANDIDATE,False,config/collectibles/v0.10.5/all-collectibles.json,codex/collectible-legendary-chests,e14bef3f09f17f3f10f2e12b95640d7417b8cdc5,067da61017d362f20a38ec7908facf4af8abefcdc29cf7f82aad7aaf89d4d3b4
legendary_chest_7a71d104452e16e39a25bb8a14e47343,legendary_chest,Legendary,xpl850_dungeonforest / gochestscript,7CE593BC21393690,7880D593C85F2451,xpl850_dungeonforest.wad,7a71d104-452e-16e3-9a25-bb8a14e47343,"[-58.53902717424626,8.423837184906006,-642.5077364812828]",RegionSummary_LegendaryChest_Parent_ForestDungeon,,,unresolved,tracked_candidate,blocked_direct_binding_and_marker_path,False,False,,CUSTOM_MARKER_CANDIDATE,False,config/collectibles/v0.10.5/all-collectibles.json,codex/collectible-legendary-chests,e14bef3f09f17f3f10f2e12b95640d7417b8cdc5,067da61017d362f20a38ec7908facf4af8abefcdc29cf7f82aad7aaf89d4d3b4
legendary_chest_5b424870484e691ce32d19be71a03059,legendary_chest,Legendary,cal100_hub / gochestscript,7CE593BC21393690,7B7F0B522FFA9124,cal100_hub.wad,5b424870-484e-691c-e32d-19be71a03059,"[-49.42741012573242,-20.521053314208984,-40.00397491455078]",RegionSummary_LegendaryChest_Parent_CalderaShores,,,unresolved,tracked_candidate,blocked_direct_binding_and_marker_path,False,False,,CUSTOM_MARKER_CANDIDATE,False,config/collectibles/v0.10.5/all-collectibles.json,codex/collectible-legendary-chests,e14bef3f09f17f3f10f2e12b95640d7417b8cdc5,067da61017d362f20a38ec7908facf4af8abefcdc29cf7f82aad7aaf89d4d3b4
legendary_chest_0e27df5f4bc5f2545a43178d0115312b,legendary_chest,Legendary,stn200_lakeext / gochestscript,7CE593BC21393690,848BB2D584D32E1B,stn200_lakeext.wad,0e27df5f-4bc5-f254-5a43-178d0115312b,"[526.3212890625,13.51634407043457,336.00799560546875]",,,,unresolved,unresolved,blocked_unresolved_classification,False,False,,CUSTOM_MARKER_CANDIDATE,False,config/collectibles/v0.10.5/all-collectibles.json,codex/collectible-legendary-chests,e14bef3f09f17f3f10f2e12b95640d7417b8cdc5,067da61017d362f20a38ec7908facf4af8abefcdc29cf7f82aad7aaf89d4d3b4
legendary_chest_b9e3be9a46c248cc0ddc159643259c52,legendary_chest,Legendary,xpl960_beachship / gochestscript,7CE593BC21393690,9391E1AF5C0C0C70,xpl960_beachship.wad,b9e3be9a-46c2-48cc-0ddc-159643259c52,"[-305.98156696034954,-3.7350006103515625,-313.7171234566855]",RegionSummary_LegendaryChest_Parent_BeachShipwreck,,,unresolved,tracked_candidate,blocked_direct_binding_and_marker_path,False,False,,CUSTOM_MARKER_CANDIDATE,False,config/collectibles/v0.10.5/all-collectibles.json,codex/collectible-legendary-chests,e14bef3f09f17f3f10f2e12b95640d7417b8cdc5,067da61017d362f20a38ec7908facf4af8abefcdc29cf7f82aad7aaf89d4d3b4
legendary_chest_d6d6acfe444f2ad10b49cea2ba85a1eb,legendary_chest,Legendary,xpl250_funeralinterior / gochestscript,7CE593BC21393690,A1845BEF17F0E7BB,xpl250_funeralinterior.wad,d6d6acfe-444f-2ad1-0b49-cea2ba85a1eb,"[-152.5,7.5,705.0]",RegionSummary_LegendaryChest_Parent_VikingFuneral,,,unresolved,tracked_candidate,blocked_direct_binding_and_marker_path,False,False,,CUSTOM_MARKER_CANDIDATE,False,config/collectibles/v0.10.5/all-collectibles.json,codex/collectible-legendary-chests,e14bef3f09f17f3f10f2e12b95640d7417b8cdc5,067da61017d362f20a38ec7908facf4af8abefcdc29cf7f82aad7aaf89d4d3b4
legendary_chest_d0b93e274754785e08235285bd6b78f2,legendary_chest,Legendary,cal500_runevault / gochestscript,7CE593BC21393690,A5D1DD6B44950CA7,cal500_runevault.wad,d0b93e27-4754-785e-0823-5285bd6b78f2,"[-66.0018539428711,-89.97755432128906,82.39568328857422]",RegionSummary_LegendaryChest_Parent_TyrsVault,,,unresolved,tracked_candidate,blocked_direct_binding_and_marker_path,False,False,,CUSTOM_MARKER_CANDIDATE,False,config/collectibles/v0.10.5/all-collectibles.json,codex/collectible-legendary-chests,e14bef3f09f17f3f10f2e12b95640d7417b8cdc5,067da61017d362f20a38ec7908facf4af8abefcdc29cf7f82aad7aaf89d4d3b4
legendary_chest_9f29650a4a8a5d0eb8bc43af1dbd3d68,legendary_chest,Legendary,peak200_chimneylow / gochestscript,7CE593BC21393690,ED623FA0A76B2934,peak200_chimneylow.wad,9f29650a-4a8a-5d0e-b8bc-43af1dbd3d68,"[-356.51129150390625,140.68141174316406,793.3782958984375]",RegionSummary_LegendaryChest_Parent_Peakspass,,,unresolved,tracked_candidate,blocked_direct_binding_and_marker_path,False,False,,CUSTOM_MARKER_CANDIDATE,False,config/collectibles/v0.10.5/all-collectibles.json,codex/collectible-legendary-chests,e14bef3f09f17f3f10f2e12b95640d7417b8cdc5,067da61017d362f20a38ec7908facf4af8abefcdc29cf7f82aad7aaf89d4d3b4
legendary_chest_d63295f244f330219b003c913c0dab69,legendary_chest,Legendary,peak720_summitascenthub / gochestscript,7CE593BC21393690,ED623FA0A76B2934,peak720_summitascenthub.wad,d63295f2-44f3-3021-9b00-3c913c0dab69,"[-463.3553771972656,1164.8253173828125,960.8094482421875]",RegionSummary_LegendaryChest_Parent_Peakspass,,,unresolved,tracked_candidate,blocked_direct_binding_and_marker_path,False,False,,CUSTOM_MARKER_CANDIDATE,False,config/collectibles/v0.10.5/all-collectibles.json,codex/collectible-legendary-chests,e14bef3f09f17f3f10f2e12b95640d7417b8cdc5,067da61017d362f20a38ec7908facf4af8abefcdc29cf7f82aad7aaf89d4d3b4
legendary_chest_ff46dfab43efcfc6f0f382a33e2b571d,legendary_chest,Legendary,peak500_chimneytop / gochestscript,7CE593BC21393690,ED623FA0A76B2934,peak500_chimneytop.wad,ff46dfab-43ef-cfc6-f0f3-82a33e2b571d,"[-454.8589782714844,1172.625,858.6287841796875]",RegionSummary_LegendaryChest_Parent_Peakspass,,,unresolved,tracked_candidate,blocked_direct_binding_and_marker_path,False,False,,CUSTOM_MARKER_CANDIDATE,False,config/collectibles/v0.10.5/all-collectibles.json,codex/collectible-legendary-chests,e14bef3f09f17f3f10f2e12b95640d7417b8cdc5,067da61017d362f20a38ec7908facf4af8abefcdc29cf7f82aad7aaf89d4d3b4
legendary_chest_5618d560426940a02e5b39a340c0c209,legendary_chest,Legendary,hel100_calderaheldressing / gochestscript,FE4E39694E7F6B29,FE4E39694E7F6B29,hel100_calderaheldressing.wad,5618d560-4269-40a0-2e5b-39a340c0c209,"[93.84306335449219,6.0301337242126465,43.75320053100586]",RegionSummary_LegendaryChest_Parent_Helheim,,,unresolved,tracked_candidate,blocked_direct_binding_and_marker_path,False,False,,CUSTOM_MARKER_CANDIDATE,False,config/collectibles/v0.10.5/all-collectibles.json,codex/collectible-legendary-chests,e14bef3f09f17f3f10f2e12b95640d7417b8cdc5,067da61017d362f20a38ec7908facf4af8abefcdc29cf7f82aad7aaf89d4d3b4
legendary_chest_8002f429448617523d189cbd93b23d4b,legendary_chest,Legendary,hel100_calderaheldressing / gochestscript,FE4E39694E7F6B29,FE4E39694E7F6B29,hel100_calderaheldressing.wad,8002f429-4486-1752-3d18-9cbd93b23d4b,"[47.28330612182617,-2.951263427734375,13.04357624053955]",RegionSummary_LegendaryChest_Parent_Helheim,,,unresolved,tracked_candidate,blocked_direct_binding_and_marker_path,False,False,,CUSTOM_MARKER_CANDIDATE,False,config/collectibles/v0.10.5/all-collectibles.json,codex/collectible-legendary-chests,e14bef3f09f17f3f10f2e12b95640d7417b8cdc5,067da61017d362f20a38ec7908facf4af8abefcdc29cf7f82aad7aaf89d4d3b4
legendary_chest_8266c175474b43a4d44938a75e21329d,legendary_chest,Legendary,helr100_docks / gochestscript,FE4E39694E7F6B29,FE4E39694E7F6B29,helr100_docks.wad,8266c175-474b-43a4-d449-38a75e21329d,"[2102.71875,-308.5,540.74365234375]",,,,unresolved,explained_untracked,excluded_from_map_accounting,False,False,,CUSTOM_MARKER_CANDIDATE,False,config/collectibles/v0.10.5/all-collectibles.json,codex/collectible-legendary-chests,e14bef3f09f17f3f10f2e12b95640d7417b8cdc5,067da61017d362f20a38ec7908facf4af8abefcdc29cf7f82aad7aaf89d4d3b4
legendary_chest_957a57b3456bd17fd24751a66dbcf01c,legendary_chest,Legendary,hel300_mainbridge / gochestscript,FE4E39694E7F6B29,FE4E39694E7F6B29,hel300_mainbridge.wad,957a57b3-456b-d17f-d247-51a66dbcf01c,"[333.7644958496094,1.0,50.896034240722656]",RegionSummary_LegendaryChest_Parent_Helheim,,,unresolved,tracked_candidate,blocked_direct_binding_and_marker_path,False,False,,CUSTOM_MARKER_CANDIDATE,False,config/collectibles/v0.10.5/all-collectibles.json,codex/collectible-legendary-chests,e14bef3f09f17f3f10f2e12b95640d7417b8cdc5,067da61017d362f20a38ec7908facf4af8abefcdc29cf7f82aad7aaf89d4d3b4
lore_marker_alf150bridgedarkwad76250fcb340065498ff1b75bddd20fcf,lore_marker,native_lore_marker,alf150_bridgedark / gosonreadrune01_alt,25B5C98A27101CB7,25B5C98A27101CB7,alf150_bridgedark.wad,cb0f2576-4965-0034-5bb7-f18fcf0fd1dc.d42afb7d-46cb-abc8-4ed1-378ae492032f,"[70.11251321317133,-94.94669121821539,176.3297031253457]",RegionSummary_ALF_LoreMarker_Parent,,,unresolved,unclassified,blocked_unclassified,False,False,,CUSTOM_MARKER_CANDIDATE,False,config/collectibles/v0.10.5/all-collectibles.json,codex/collectible-ship-heads,36bf3438b5453b556ddcbb45637a6c6b939d3252,15e4713ed36d56bfea01ec33aeb94f449ecbe2efc78e4ae7dbe52e9f36b402ba
lore_marker_alf150bridgedarkwad969e45f02f76844192ec5566056fbfd4,lore_marker,native_lore_marker,alf150_bridgedark / gosonreadrune01,25B5C98A27101CB7,25B5C98A27101CB7,alf150_bridgedark.wad,f0459e96-4184-762f-6655-ec92d4bf6e04.d42afb7d-46cb-abc8-4ed1-378ae492032f,"[70.11251321317133,5.053302821320123,176.3297031253457]",RegionSummary_ALF_LoreMarker_Parent,,,unresolved,unclassified,blocked_unclassified,False,False,,CUSTOM_MARKER_CANDIDATE,False,config/collectibles/v0.10.5/all-collectibles.json,codex/collectible-ship-heads,36bf3438b5453b556ddcbb45637a6c6b939d3252,15e4713ed36d56bfea01ec33aeb94f449ecbe2efc78e4ae7dbe52e9f36b402ba
lore_marker_alf440hiveextlhwad0f75539e19bc0947ba4d6f46ea0a95d2,lore_marker,native_lore_marker,alf440_hiveextlh / gosonreadrune,25B5C98A27101CB7,25B5C98A27101CB7,alf440_hiveextlh.wad,9e53750f-4709-bc19-466f-4dbad29509e9.d42afb7d-46cb-abc8-4ed1-378ae492032f,"[423.00193551344864,-8.861552425530363,639.8141756820701]",RegionSummary_ALF_LoreMarker_Parent,,,unresolved,unclassified,blocked_unclassified,False,False,,CUSTOM_MARKER_CANDIDATE,False,config/collectibles/v0.10.5/all-collectibles.json,codex/collectible-ship-heads,36bf3438b5453b556ddcbb45637a6c6b939d3252,15e4713ed36d56bfea01ec33aeb94f449ecbe2efc78e4ae7dbe52e9f36b402ba
lore_marker_alf690lakelightlhwade723fb1f62e1ef4a94d19a5eeeef0673,lore_marker,native_lore_marker,alf690_lakelightlh / goinvisibleinktotem,25B5C98A27101CB7,25B5C98A27101CB7,alf690_lakelightlh.wad,1ffb23e7-4aef-e162-5e9a-d1947306eeed.1c974485-4291-ea5a-a422-df90ac25672c.65a52500-4e93-fd6a-88e1-ad99f81b98f1,"[434.4499651483634,0.8500000923872051,540.1059404901603]",RegionSummary_ALF_LoreMarker_Parent,,,unresolved,unclassified,blocked_unclassified,False,False,,CUSTOM_MARKER_CANDIDATE,False,config/collectibles/v0.10.5/all-collectibles.json,codex/collectible-ship-heads,36bf3438b5453b556ddcbb45637a6c6b939d3252,15e4713ed36d56bfea01ec33aeb94f449ecbe2efc78e4ae7dbe52e9f36b402ba
lore_marker_nid150calderabridgewad2eabc6ebc9dafd40b34cb41a6ffcd2d4,lore_marker,native_lore_marker,nid150_calderabridge / goniflheimstatuec6,46D26BEB5395C163,46D26BEB5395C163,nid150_calderabridge.wad,ebc6ab2e-40fd-dac9-1ab4-4cb3d4d2fb6e.af70ec7c-4fdb-e454-f0e1-968ff2e049d5.d42afb7d-46cb-abc8-4ed1-378ae492032f,"[-154.4614871119839,5.940000004917383,-54.38814632883996]",RegionSummary_NIF_LoreMarker_Parent,,,unresolved,unclassified,blocked_unclassified,False,False,,CUSTOM_MARKER_CANDIDATE,False,config/collectibles/v0.10.5/all-collectibles.json,codex/collectible-ship-heads,36bf3438b5453b556ddcbb45637a6c6b939d3252,15e4713ed36d56bfea01ec33aeb94f449ecbe2efc78e4ae7dbe52e9f36b402ba
lore_marker_xpl125httklhwad36f99a6c8537174bbaab95fb9d956455,lore_marker,native_lore_marker,xpl125_httklh / goquestloremarker,7CE593BC21393690,0000489975E7755D,xpl125_httklh.wad,6c9af936-4b17-3785-fb95-abba5564949c.af70ec7c-4fdb-e454-f0e1-968ff2e049d5.d42afb7d-46cb-abc8-4ed1-378ae492032f,"[248.56182861328125,-20.125430583953857,-373.40582275390625]",RegionSummary_HTTK_LoreMarker_Parent,,,unresolved,unclassified,blocked_unclassified,False,False,,CUSTOM_MARKER_CANDIDATE,False,config/collectibles/v0.10.5/all-collectibles.json,codex/collectible-ship-heads,36bf3438b5453b556ddcbb45637a6c6b939d3252,15e4713ed36d56bfea01ec33aeb94f449ecbe2efc78e4ae7dbe52e9f36b402ba
lore_marker_xpl170httkcaverwad776651e16e0bcd4995eaa2ad3e73f56a,lore_marker,native_lore_marker,xpl170_httkcaver / gocaver_loremarker01,7CE593BC21393690,0000489975E7755D,xpl170_httkcaver.wad,e1516677-49cd-0b6e-ada2-ea956af5723d.af70ec7c-4fdb-e454-f0e1-968ff2e049d5,"[434.3067932128906,-43.06638526916504,-466.28778076171875]",RegionSummary_HTTK_LoreMarker_Parent,,,unresolved,unclassified,blocked_unclassified,False,False,,CUSTOM_MARKER_CANDIDATE,False,config/collectibles/v0.10.5/all-collectibles.json,codex/collectible-ship-heads,36bf3438b5453b556ddcbb45637a6c6b939d3252,15e4713ed36d56bfea01ec33aeb94f449ecbe2efc78e4ae7dbe52e9f36b402ba
lore_marker_xpl650masontrailcavewadb2f0bf0705313e4aa27b33fddd3a0665,lore_marker,native_lore_marker,xpl650_masontrailcave / goquestloremarker,7CE593BC21393690,254A1280A3285151,xpl650_masontrailcave.wad,07bff0b2-4a3e-3105-fd33-7ba2650639dc.af70ec7c-4fdb-e454-f0e1-968ff2e049d5.d42afb7d-46cb-abc8-4ed1-378ae492032f,"[170.42608642578125,-1.06119704246521,222.3402557373047]",RegionSummary_MT_LoreMarker_Parent,,,unresolved,unclassified,blocked_unclassified,False,False,,CUSTOM_MARKER_CANDIDATE,False,config/collectibles/v0.10.5/all-collectibles.json,codex/collectible-ship-heads,36bf3438b5453b556ddcbb45637a6c6b939d3252,15e4713ed36d56bfea01ec33aeb94f449ecbe2efc78e4ae7dbe52e9f36b402ba
lore_marker_xpl400huldramineswade1701a5ddf529645b442371f82145220,lore_marker,native_lore_marker,xpl400_huldramines / gooutsideruneread,7CE593BC21393690,3E2B34150449C3E7,xpl400_huldramines.wad,5d1a70e1-4596-52df-1f37-42b420521381.d42afb7d-46cb-abc8-4ed1-378ae492032f,"[-213.6455955505371,-2.990394115447998,503.7563285827637]",RegionSummary_HM01_LoreMarker_Parent,,,unresolved,unclassified,blocked_unclassified,False,False,,CUSTOM_MARKER_CANDIDATE,False,config/collectibles/v0.10.5/all-collectibles.json,codex/collectible-ship-heads,36bf3438b5453b556ddcbb45637a6c6b939d3252,15e4713ed36d56bfea01ec33aeb94f449ecbe2efc78e4ae7dbe52e9f36b402ba
lore_marker_xpl400huldramineswadf014bd94366e7b49ade008aff1769396,lore_marker,native_lore_marker,xpl400_huldramines / goquestdwarvenrunes,7CE593BC21393690,3E2B34150449C3E7,xpl400_huldramines.wad,94bd14f0-497b-6e36-af08-e0ad969375f0.d42afb7d-46cb-abc8-4ed1-378ae492032f,"[-128.40398406982425,-9.680614233016968,646.2172088623047]",RegionSummary_HM01_LoreMarker_Parent,,,unresolved,unclassified,blocked_unclassified,False,False,,CUSTOM_MARKER_CANDIDATE,False,config/collectibles/v0.10.5/all-collectibles.json,codex/collectible-ship-heads,36bf3438b5453b556ddcbb45637a6c6b939d3252,15e4713ed36d56bfea01ec33aeb94f449ecbe2efc78e4ae7dbe52e9f36b402ba
lore_marker_xpl425huldramineslhwad7f236d968be3c14db2ecde8780a968a0,lore_marker,native_lore_marker,xpl425_huldramineslh / goquestloremarker_xpl425,7CE593BC21393690,3E2B34150449C3E7,xpl425_huldramineslh.wad,966d237f-4dc1-e38b-87de-ecb2a068a87f.af70ec7c-4fdb-e454-f0e1-968ff2e049d5.d42afb7d-46cb-abc8-4ed1-378ae492032f,"[-249.06103515625,-1.0277066230773926,476.17430114746094]",RegionSummary_HM01_LoreMarker_Parent,,,unresolved,unclassified,blocked_unclassified,False,False,,CUSTOM_MARKER_CANDIDATE,False,config/collectibles/v0.10.5/all-collectibles.json,codex/collectible-ship-heads,36bf3438b5453b556ddcbb45637a6c6b939d3252,15e4713ed36d56bfea01ec33aeb94f449ecbe2efc78e4ae7dbe52e9f36b402ba
lore_marker_ab859d0b83766845bb0b0e69023e1c31,lore_marker,level_script_lore_marker,riv925_freyacave / gorune_12_well,7CE593BC21393690,4EFD98E8E80E1239,riv925_freyacave.wad,ab859d0b83766845bb0b0e69023e1c31,"[0.0,0.0,0.0]",RegionSummary_RP_LoreMarker_Parent,,,unresolved,unclassified,blocked_unclassified,False,False,,CUSTOM_MARKER_CANDIDATE,False,config/collectibles/v0.10.5/all-collectibles.json,codex/collectible-ship-heads,36bf3438b5453b556ddcbb45637a6c6b939d3252,15e4713ed36d56bfea01ec33aeb94f449ecbe2efc78e4ae7dbe52e9f36b402ba
lore_marker_riv085dangersentrancelhwad0359c55688ca5b48bd66cf4ae66fbed3,lore_marker,native_lore_marker,riv085_dangersentrancelh / goriv085_runeread,7CE593BC21393690,4EFD98E8E80E1239,riv085_dangersentrancelh.wad,56c55903-485b-ca88-4acf-66bdd3be6ee5.d42afb7d-46cb-abc8-4ed1-378ae492032f,"[-229.03375244140625,86.5998306274414,-616.5005493164062]",RegionSummary_RP_LoreMarker_Parent,,,unresolved,unclassified,blocked_unclassified,False,False,,CUSTOM_MARKER_CANDIDATE,False,config/collectibles/v0.10.5/all-collectibles.json,codex/collectible-ship-heads,36bf3438b5453b556ddcbb45637a6c6b939d3252,15e4713ed36d56bfea01ec33aeb94f449ecbe2efc78e4ae7dbe52e9f36b402ba
lore_marker_riv200dangersmainwad452dc462aab2814097a8c9a7d317c558,lore_marker,native_lore_marker,riv200_dangersmain / gosonknowledge_underbridge,7CE593BC21393690,4EFD98E8E80E1239,riv200_dangersmain.wad,62c42d45-4081-b2aa-a7c9-a89758c516d2.d42afb7d-46cb-abc8-4ed1-378ae492032f,"[-246.53799438476562,77.30000305175781,-536.0]",RegionSummary_RP_LoreMarker_Parent,,,unresolved,unclassified,blocked_unclassified,False,False,,CUSTOM_MARKER_CANDIDATE,False,config/collectibles/v0.10.5/all-collectibles.json,codex/collectible-ship-heads,36bf3438b5453b556ddcbb45637a6c6b939d3252,15e4713ed36d56bfea01ec33aeb94f449ecbe2efc78e4ae7dbe52e9f36b402ba
lore_marker_riv420forestboarstartwad0c671129ecb3144cbcf4a641a4160b66,lore_marker,native_lore_marker,riv420_forestboarstart / goriv420_loremarker,7CE593BC21393690,4EFD98E8E80E1239,riv420_forestboarstart.wad,2911670c-4c14-b3ec-41a6-f4bc660b15a3.af70ec7c-4fdb-e454-f0e1-968ff2e049d5.d42afb7d-46cb-abc8-4ed1-378ae492032f,"[-322.2837219238281,92.69290161132812,-341.2648010253906]",RegionSummary_RP_LoreMarker_Parent,,,unresolved,unclassified,blocked_unclassified,False,False,,CUSTOM_MARKER_CANDIDATE,False,config/collectibles/v0.10.5/all-collectibles.json,codex/collectible-ship-heads,36bf3438b5453b556ddcbb45637a6c6b939d3252,15e4713ed36d56bfea01ec33aeb94f449ecbe2efc78e4ae7dbe52e9f36b402ba
lore_marker_riv475freyahouseextwad5124f330461a8e42b1659c4517e18c29,lore_marker,native_lore_marker,riv475_freyahouseext / gosonreadrune1,7CE593BC21393690,4EFD98E8E80E1239,riv475_freyahouseext.wad,30f32451-428e-1a46-459c-65b1298ce016.d42afb7d-46cb-abc8-4ed1-378ae492032f,"[-422.1312561035156,59.0,-21.268259048461914]",RegionSummary_RP_LoreMarker_Parent,,,unresolved,unclassified,blocked_unclassified,False,False,,CUSTOM_MARKER_CANDIDATE,False,config/collectibles/v0.10.5/all-collectibles.json,codex/collectible-ship-heads,36bf3438b5453b556ddcbb45637a6c6b939d3252,15e4713ed36d56bfea01ec33aeb94f449ecbe2efc78e4ae7dbe52e9f36b402ba
lore_marker_riv475freyahouseextwad9a50243a697a924481d49d5c44c980ac,lore_marker,native_lore_marker,riv475_freyahouseext / gosonruneread2,7CE593BC21393690,4EFD98E8E80E1239,riv475_freyahouseext.wad,3a24509a-4492-7a69-5c9d-d481ac80c843.d42afb7d-46cb-abc8-4ed1-378ae492032f,"[-425.07000732421875,59.25,-49.4163818359375]",RegionSummary_RP_LoreMarker_Parent,,,unresolved,unclassified,blocked_unclassified,False,False,,CUSTOM_MARKER_CANDIDATE,False,config/collectibles/v0.10.5/all-collectibles.json,codex/collectible-ship-heads,36bf3438b5453b556ddcbb45637a6c6b939d3252,15e4713ed36d56bfea01ec33aeb94f449ecbe2efc78e4ae7dbe52e9f36b402ba
lore_marker_riv475freyahouseextwadd328468a73cead438031e76201fbddc9,lore_marker,native_lore_marker,riv475_freyahouseext / goinvisibleink_totem_well,7CE593BC21393690,4EFD98E8E80E1239,riv475_freyahouseext.wad,ca48c3db-4cba-d731-9c81-e995de95300e.af70ec7c-4fdb-e454-f0e1-968ff2e049d5.d42afb7d-46cb-abc8-4ed1-378ae492032f,"[-429.278076171875,64.01296997070312,-57.3582878112793]",RegionSummary_RP_LoreMarker_Parent,,,unresolved,unclassified,blocked_unclassified,False,False,,CUSTOM_MARKER_CANDIDATE,False,config/collectibles/v0.10.5/all-collectibles.json,codex/collectible-ship-heads,36bf3438b5453b556ddcbb45637a6c6b939d3252,15e4713ed36d56bfea01ec33aeb94f449ecbe2efc78e4ae7dbe52e9f36b402ba
lore_marker_xpl300strongholdwad79d7700bc6e8cf47a77b5403426b5297,lore_marker,native_lore_marker,xpl300_stronghold / goshipruneread,7CE593BC21393690,7071EB6E695042F0,xpl300_stronghold.wad,0b70d779-47cf-e8c6-0354-7ba797526a41.d42afb7d-46cb-abc8-4ed1-378ae492032f,"[733.0008544921875,-21.06087589263916,-223.14705276489246]",RegionSummary_HSH_LoreMarker_Parent,,,unresolved,unclassified,blocked_unclassified,False,False,,CUSTOM_MARKER_CANDIDATE,False,config/collectibles/v0.10.5/all-collectibles.json,codex/collectible-ship-heads,36bf3438b5453b556ddcbb45637a6c6b939d3252,15e4713ed36d56bfea01ec33aeb94f449ecbe2efc78e4ae7dbe52e9f36b402ba
lore_marker_xpl300strongholdwade361f1b4a04c074b84896263475139ab,lore_marker,native_lore_marker,xpl300_stronghold / goquestloremarker,7CE593BC21393690,7071EB6E695042F0,xpl300_stronghold.wad,b4f161e3-4b07-4ca0-6362-8984ab395046.af70ec7c-4fdb-e454-f0e1-968ff2e049d5,"[799.74462890625,-14.348168849945068,-297.45452880859364]",RegionSummary_HSH_LoreMarker_Parent,,,unresolved,unclassified,blocked_unclassified,False,False,,CUSTOM_MARKER_CANDIDATE,False,config/collectibles/v0.10.5/all-collectibles.json,codex/collectible-ship-heads,36bf3438b5453b556ddcbb45637a6c6b939d3252,15e4713ed36d56bfea01ec33aeb94f449ecbe2efc78e4ae7dbe52e9f36b402ba
lore_marker_cal250foothillslhwad8ab6b877e9062c4b9f0d0f375f8326c1,lore_marker,native_lore_marker,cal250_foothillslh / goinvisibleinktotem_01,7CE593BC21393690,7B7F0B522FFA9124,cal250_foothillslh.wad,77b8b68a-4b2c-06e9-370f-0d9fc126825e.ca48c3db-4cba-d731-9c81-e995de95300e.af70ec7c-4fdb-e454-f0e1-968ff2e049d5,"[-249.22048950195312,0.2551776170730591,260.7698059082031]",RegionSummary_CAL_LoreMarker_Parent,,,unresolved,unclassified,blocked_unclassified,False,False,,CUSTOM_MARKER_CANDIDATE,False,config/collectibles/v0.10.5/all-collectibles.json,codex/collectible-ship-heads,36bf3438b5453b556ddcbb45637a6c6b939d3252,15e4713ed36d56bfea01ec33aeb94f449ecbe2efc78e4ae7dbe52e9f36b402ba
lore_marker_cal250foothillslhwad9614e6b2dfd34f4b86e932b59f2aa621,lore_marker,native_lore_marker,cal250_foothillslh / goloremarker_01_readpoint,7CE593BC21393690,7B7F0B522FFA9124,cal250_foothillslh.wad,b2e61496-4b4f-d3df-b532-e98621a6299e.d42afb7d-46cb-abc8-4ed1-378ae492032f,"[-242.62344360351562,6.047657489776611,232.36473083496094]",RegionSummary_CAL_LoreMarker_Parent,,,unresolved,unclassified,blocked_unclassified,False,False,,CUSTOM_MARKER_CANDIDATE,False,config/collectibles/v0.10.5/all-collectibles.json,codex/collectible-ship-heads,36bf3438b5453b556ddcbb45637a6c6b939d3252,15e4713ed36d56bfea01ec33aeb94f449ecbe2efc78e4ae7dbe52e9f36b402ba
lore_marker_cal250foothillslhwadb456381ff98fb449896acb659da524fa,lore_marker,native_lore_marker,cal250_foothillslh / goloremarker_02_readpoint,7CE593BC21393690,7B7F0B522FFA9124,cal250_foothillslh.wad,1f3856b4-49b4-8ff9-65cb-6a89fa24a49c.d42afb7d-46cb-abc8-4ed1-378ae492032f,"[-232.46031188964844,6.049283027648926,242.71742248535156]",RegionSummary_CAL_LoreMarker_Parent,,,unresolved,unclassified,blocked_unclassified,False,False,,CUSTOM_MARKER_CANDIDATE,False,config/collectibles/v0.10.5/all-collectibles.json,codex/collectible-ship-heads,36bf3438b5453b556ddcbb45637a6c6b939d3252,15e4713ed36d56bfea01ec33aeb94f449ecbe2efc78e4ae7dbe52e9f36b402ba
lore_marker_xpl910islandshipwreckwad6093995aaaf7ad4b9830d1be0e7e0684,lore_marker,native_lore_marker,xpl910_islandshipwreck / gopsoninteractrune,7CE593BC21393690,7B7F0B522FFA9124,xpl910_islandshipwreck.wad,5a999360-4bad-f7aa-bed1-309884067d0d.d42afb7d-46cb-abc8-4ed1-378ae492032f,"[-189.89557160212303,2.596159482231087,-246.0137784577975]",RegionSummary_CAL_LoreMarker_Parent,,,unresolved,unclassified,blocked_unclassified,False,False,,CUSTOM_MARKER_CANDIDATE,False,config/collectibles/v0.10.5/all-collectibles.json,codex/collectible-ship-heads,36bf3438b5453b556ddcbb45637a6c6b939d3252,15e4713ed36d56bfea01ec33aeb94f449ecbe2efc78e4ae7dbe52e9f36b402ba
lore_marker_xpl940beachcavewad6093995aaaf7ad4b9830d1be0e7e0684,lore_marker,native_lore_marker,xpl940_beachcave / gopsoninteractrune,7CE593BC21393690,7B7F0B522FFA9124,xpl940_beachcave.wad,5a999360-4bad-f7aa-bed1-309884067d0d.d42afb7d-46cb-abc8-4ed1-378ae492032f,"[95.95721407025853,-3.0962471961975098,-154.050473180264]",RegionSummary_CAL_LoreMarker_Parent,,,unresolved,unclassified,blocked_unclassified,False,False,,CUSTOM_MARKER_CANDIDATE,False,config/collectibles/v0.10.5/all-collectibles.json,codex/collectible-ship-heads,36bf3438b5453b556ddcbb45637a6c6b939d3252,15e4713ed36d56bfea01ec33aeb94f449ecbe2efc78e4ae7dbe52e9f36b402ba
lore_marker_xpl950beachmazewad6093995aaaf7ad4b9830d1be0e7e0684,lore_marker,native_lore_marker,xpl950_beachmaze / gopsoninteractrune,7CE593BC21393690,7B7F0B522FFA9124,xpl950_beachmaze.wad,5a999360-4bad-f7aa-bed1-309884067d0d.d42afb7d-46cb-abc8-4ed1-378ae492032f,"[-226.64560253234066,-3.3149998784065247,326.4070664938435]",RegionSummary_CAL_LoreMarker_Parent,,,unresolved,unclassified,blocked_unclassified,False,False,,CUSTOM_MARKER_CANDIDATE,False,config/collectibles/v0.10.5/all-collectibles.json,codex/collectible-ship-heads,36bf3438b5453b556ddcbb45637a6c6b939d3252,15e4713ed36d56bfea01ec33aeb94f449ecbe2efc78e4ae7dbe52e9f36b402ba
lore_marker_xpl960beachshipwad6093995aaaf7ad4b9830d1be0e7e0684,lore_marker,native_lore_marker,xpl960_beachship / gopsoninteractrune,7CE593BC21393690,7B7F0B522FFA9124,xpl960_beachship.wad,5a999360-4bad-f7aa-bed1-309884067d0d.d42afb7d-46cb-abc8-4ed1-378ae492032f,"[-329.1555582852366,-3.9869384765625,-265.3128837150287]",RegionSummary_CAL_LoreMarker_Parent,,,unresolved,unclassified,blocked_unclassified,False,False,,CUSTOM_MARKER_CANDIDATE,False,config/collectibles/v0.10.5/all-collectibles.json,codex/collectible-ship-heads,36bf3438b5453b556ddcbb45637a6c6b939d3252,15e4713ed36d56bfea01ec33aeb94f449ecbe2efc78e4ae7dbe52e9f36b402ba
lore_marker_stn200lakeextwad64309dc36de48d438409f5abb85cfc92,lore_marker,native_lore_marker,stn200_lakeext / gosonreadrune,7CE593BC21393690,848BB2D584D32E1B,stn200_lakeext.wad,c39d3064-438d-e46d-abf5-098492fc5bb7.d42afb7d-46cb-abc8-4ed1-378ae492032f,"[448.3330078125,-7.662964820861816,230.02301025390625]",RegionSummary_SM_LoreMarker_Parent,,,unresolved,unclassified,blocked_unclassified,False,False,,CUSTOM_MARKER_CANDIDATE,False,config/collectibles/v0.10.5/all-collectibles.json,codex/collectible-ship-heads,36bf3438b5453b556ddcbb45637a6c6b939d3252,15e4713ed36d56bfea01ec33aeb94f449ecbe2efc78e4ae7dbe52e9f36b402ba
lore_marker_xpl200funeralwad0ab993b107a42f41af27749c6749728d,lore_marker,native_lore_marker,xpl200_funeral / gobeachloremarker,7CE593BC21393690,A1845BEF17F0E7BB,xpl200_funeral.wad,b193b90a-412f-a407-9c74-27af8d724866.af70ec7c-4fdb-e454-f0e1-968ff2e049d5.d42afb7d-46cb-abc8-4ed1-378ae492032f,"[-48.23640060424805,-1.8901214599609375,680.0409231185913]",RegionSummary_VF_LoreMarker_Parent,,,unresolved,unclassified,blocked_unclassified,False,False,,CUSTOM_MARKER_CANDIDATE,False,config/collectibles/v0.10.5/all-collectibles.json,codex/collectible-ship-heads,36bf3438b5453b556ddcbb45637a6c6b939d3252,15e4713ed36d56bfea01ec33aeb94f449ecbe2efc78e4ae7dbe52e9f36b402ba
lore_marker_xpl200funeralwadf8ceaf9fdf59ef4c97b6d4398c23bb9d,lore_marker,native_lore_marker,xpl200_funeral / gocastleloremarker,7CE593BC21393690,A1845BEF17F0E7BB,xpl200_funeral.wad,9fafcef8-4cef-59df-39d4-b6979dbb228b.af70ec7c-4fdb-e454-f0e1-968ff2e049d5,"[-52.291244506835966,12.53995132446289,781.6699371337891]",RegionSummary_VF_LoreMarker_Parent,,,unresolved,unclassified,blocked_unclassified,False,False,,CUSTOM_MARKER_CANDIDATE,False,config/collectibles/v0.10.5/all-collectibles.json,codex/collectible-ship-heads,36bf3438b5453b556ddcbb45637a6c6b939d3252,15e4713ed36d56bfea01ec33aeb94f449ecbe2efc78e4ae7dbe52e9f36b402ba
lore_marker_xpl220funerallhwadeea6c57321539249a4d58ca8baa527cb,lore_marker,native_lore_marker,xpl220_funerallh / goquestloremarker1,7CE593BC21393690,A1845BEF17F0E7BB,xpl220_funerallh.wad,73c5a6ee-4992-5321-a88c-d5a4cb27a4b9.af70ec7c-4fdb-e454-f0e1-968ff2e049d5.d42afb7d-46cb-abc8-4ed1-378ae492032f,"[78.88753509521487,-3.981862425804138,515.3163909912109]",RegionSummary_VF_LoreMarker_Parent,,,unresolved,unclassified,blocked_unclassified,False,False,,CUSTOM_MARKER_CANDIDATE,False,config/collectibles/v0.10.5/all-collectibles.json,codex/collectible-ship-heads,36bf3438b5453b556ddcbb45637a6c6b939d3252,15e4713ed36d56bfea01ec33aeb94f449ecbe2efc78e4ae7dbe52e9f36b402ba
lore_marker_xpl225funerallhwadb18d193b7ba34340a8831d0e11ff1b4e,lore_marker,native_lore_marker,xpl225_funerallh / gosonreadrune,7CE593BC21393690,A1845BEF17F0E7BB,xpl225_funerallh.wad,3b198db1-4043-a37b-0e1d-83a84e1bfe10.d42afb7d-46cb-abc8-4ed1-378ae492032f,"[60.58486557006839,-1.6743035316467285,544.6181716918945]",RegionSummary_VF_LoreMarker_Parent,,,unresolved,unclassified,blocked_unclassified,False,False,,CUSTOM_MARKER_CANDIDATE,False,config/collectibles/v0.10.5/all-collectibles.json,codex/collectible-ship-heads,36bf3438b5453b556ddcbb45637a6c6b939d3252,15e4713ed36d56bfea01ec33aeb94f449ecbe2efc78e4ae7dbe52e9f36b402ba
lore_marker_xpl225funerallhwadfb3c8f6c096b464dafa89220022f8c54,lore_marker,native_lore_marker,xpl225_funerallh / goquestloremarker,7CE593BC21393690,A1845BEF17F0E7BB,xpl225_funerallh.wad,6c8f3cfb-4d46-6b09-2092-a8af548c2e01.af70ec7c-4fdb-e454-f0e1-968ff2e049d5.d42afb7d-46cb-abc8-4ed1-378ae492032f,"[44.71804618835452,-0.8081274032592773,543.6021957397461]",RegionSummary_VF_LoreMarker_Parent,,,unresolved,unclassified,blocked_unclassified,False,False,,CUSTOM_MARKER_CANDIDATE,False,config/collectibles/v0.10.5/all-collectibles.json,codex/collectible-ship-heads,36bf3438b5453b556ddcbb45637a6c6b939d3252,15e4713ed36d56bfea01ec33aeb94f449ecbe2efc78e4ae7dbe52e9f36b402ba
lore_marker_xpl250funeralinteriorwadd1ddaedac0dbac478444718ac2f19211,lore_marker,native_lore_marker,xpl250_funeralinterior / goquestloremarker,7CE593BC21393690,A1845BEF17F0E7BB,xpl250_funeralinterior.wad,daaeddd1-47ac-dbc0-8a71-44841192f0c1.af70ec7c-4fdb-e454-f0e1-968ff2e049d5.d42afb7d-46cb-abc8-4ed1-378ae492032f,"[-157.60882949829107,9.472150802612305,790.1744232177734]",RegionSummary_VF_LoreMarker_Parent,,,unresolved,unclassified,blocked_unclassified,False,False,,CUSTOM_MARKER_CANDIDATE,False,config/collectibles/v0.10.5/all-collectibles.json,codex/collectible-ship-heads,36bf3438b5453b556ddcbb45637a6c6b939d3252,15e4713ed36d56bfea01ec33aeb94f449ecbe2efc78e4ae7dbe52e9f36b402ba
lore_marker_3d2e2f04d7df6a4b9a4e30601432871f,lore_marker,level_script_lore_marker,cal740_leftwing / gorune_19,7CE593BC21393690,AA75374C6FBBE8A6,cal740_leftwing.wad,3d2e2f04d7df6a4b9a4e30601432871f,"[25.273744583129883,-31.879526138305664,53.984718322753906]",RegionSummary_CALT_LoreMarker_Parent,,,unresolved,unclassified,blocked_unclassified,False,False,,CUSTOM_MARKER_CANDIDATE,False,config/collectibles/v0.10.5/all-collectibles.json,codex/collectible-ship-heads,36bf3438b5453b556ddcbb45637a6c6b939d3252,15e4713ed36d56bfea01ec33aeb94f449ecbe2efc78e4ae7dbe52e9f36b402ba
lore_marker_cal500runevaultwad14f472bb0d9d2e4993d0774cbc755e02,lore_marker,native_lore_marker,cal500_runevault / gosonreadrune,7CE593BC21393690,AA75374C6FBBE8A6,cal500_runevault.wad,bb72f414-492e-9d0d-4c77-d093025e74bb.d42afb7d-46cb-abc8-4ed1-378ae492032f,"[-40.608646392822266,-61.88477325439453,99.57087707519531]",RegionSummary_CALT_LoreMarker_Parent,,,unresolved,unclassified,blocked_unclassified,False,False,,CUSTOM_MARKER_CANDIDATE,False,config/collectibles/v0.10.5/all-collectibles.json,codex/collectible-ship-heads,36bf3438b5453b556ddcbb45637a6c6b939d3252,15e4713ed36d56bfea01ec33aeb94f449ecbe2efc78e4ae7dbe52e9f36b402ba
lore_marker_d988f2795775914592a04b62df2726d9,lore_marker,level_script_lore_marker,cal750_rightwing / gorune_18,7CE593BC21393690,AA75374C6FBBE8A6,cal750_rightwing.wad,d988f2795775914592a04b62df2726d9,"[-125.06567382812506,-32.33934783935547,54.53465270996095]",RegionSummary_CALT_LoreMarker_Parent,,,unresolved,unclassified,blocked_unclassified,False,False,,CUSTOM_MARKER_CANDIDATE,False,config/collectibles/v0.10.5/all-collectibles.json,codex/collectible-ship-heads,36bf3438b5453b556ddcbb45637a6c6b939d3252,15e4713ed36d56bfea01ec33aeb94f449ecbe2efc78e4ae7dbe52e9f36b402ba
lore_marker_peak100entrancewadeda4d87459eae64ba0a1c556edca5809,lore_marker,native_lore_marker,peak100_entrance / gosonreadrune,7CE593BC21393690,ED623FA0A76B2934,peak100_entrance.wad,74d8a4ed-4be6-ea59-56c5-a1a00958c9ec.d42afb7d-46cb-abc8-4ed1-378ae492032f,"[-385.0393981933594,110.50932312011719,645.2517700195312]",RegionSummary_PP_LoreMarker_Parent,,,unresolved,unclassified,blocked_unclassified,False,False,,CUSTOM_MARKER_CANDIDATE,False,config/collectibles/v0.10.5/all-collectibles.json,codex/collectible-ship-heads,36bf3438b5453b556ddcbb45637a6c6b939d3252,15e4713ed36d56bfea01ec33aeb94f449ecbe2efc78e4ae7dbe52e9f36b402ba
lore_marker_peak140caverndarkwad3aae61a66981c34082d9e3dcb14c9a39,lore_marker,native_lore_marker,peak140_caverndark / goinktotem,7CE593BC21393690,ED623FA0A76B2934,peak140_caverndark.wad,a661ae3a-40c3-8169-dce3-d982399a4bb0.ca48c3db-4cba-d731-9c81-e995de95300e.af70ec7c-4fdb-e454-f0e1-968ff2e049d5.d42afb7d-46cb-abc8-4ed1-378ae492032f,"[-485.4288024902344,114.31044006347656,595.0303344726562]",RegionSummary_PP_LoreMarker_Parent,,,unresolved,unclassified,blocked_unclassified,False,False,,CUSTOM_MARKER_CANDIDATE,False,config/collectibles/v0.10.5/all-collectibles.json,codex/collectible-ship-heads,36bf3438b5453b556ddcbb45637a6c6b939d3252,15e4713ed36d56bfea01ec33aeb94f449ecbe2efc78e4ae7dbe52e9f36b402ba
lore_marker_peak180enttochimneylhwadcc54f8d5e69b0945a3674ddc65276412,lore_marker,native_lore_marker,peak180_enttochimneylh / goinktotem,7CE593BC21393690,ED623FA0A76B2934,peak180_enttochimneylh.wad,d5f854cc-4509-9be6-dc4d-67a312642664.ca48c3db-4cba-d731-9c81-e995de95300e.af70ec7c-4fdb-e454-f0e1-968ff2e049d5.d42afb7d-46cb-abc8-4ed1-378ae492032f,"[-349.3988037109375,109.78533935546875,641.2823486328125]",RegionSummary_PP_LoreMarker_Parent,,,unresolved,unclassified,blocked_unclassified,False,False,,CUSTOM_MARKER_CANDIDATE,False,config/collectibles/v0.10.5/all-collectibles.json,codex/collectible-ship-heads,36bf3438b5453b556ddcbb45637a6c6b939d3252,15e4713ed36d56bfea01ec33aeb94f449ecbe2efc78e4ae7dbe52e9f36b402ba
lore_marker_peak200chimneylowwad29a3fec3318213458a458abb0eb539a2,lore_marker,native_lore_marker,peak200_chimneylow / gosonreadrune,7CE593BC21393690,ED623FA0A76B2934,peak200_chimneylow.wad,c3fea329-4513-8231-bb8a-458aa239b40d.d42afb7d-46cb-abc8-4ed1-378ae492032f,"[-405.62396240234375,135.246337890625,801.180419921875]",RegionSummary_PP_LoreMarker_Parent,,,unresolved,unclassified,blocked_unclassified,False,False,,CUSTOM_MARKER_CANDIDATE,False,config/collectibles/v0.10.5/all-collectibles.json,codex/collectible-ship-heads,36bf3438b5453b556ddcbb45637a6c6b939d3252,15e4713ed36d56bfea01ec33aeb94f449ecbe2efc78e4ae7dbe52e9f36b402ba
lore_marker_peak500chimneytopwad1d9b928f5f7eab4082f9c52e2f066780,lore_marker,native_lore_marker,peak500_chimneytop / gosonreadrune,7CE593BC21393690,ED623FA0A76B2934,peak500_chimneytop.wad,8f929b1d-40ab-7e5f-2ec5-f9828067052e.d42afb7d-46cb-abc8-4ed1-378ae492032f,"[-456.63580322265625,1172.4278564453125,839.821044921875]",RegionSummary_PP_LoreMarker_Parent,,,unresolved,unclassified,blocked_unclassified,False,False,,CUSTOM_MARKER_CANDIDATE,False,config/collectibles/v0.10.5/all-collectibles.json,codex/collectible-ship-heads,36bf3438b5453b556ddcbb45637a6c6b939d3252,15e4713ed36d56bfea01ec33aeb94f449ecbe2efc78e4ae7dbe52e9f36b402ba
lore_marker_peak720summitascenthubwadda8178f1357e8d45922a657e6f760dd8,lore_marker,native_lore_marker,peak720_summitascenthub / goquestloremarker,7CE593BC21393690,ED623FA0A76B2934,peak720_summitascenthub.wad,f17881da-458d-7e35-7e65-2a92d80d756e.af70ec7c-4fdb-e454-f0e1-968ff2e049d5.d42afb7d-46cb-abc8-4ed1-378ae492032f,"[-496.9809875488281,1201.0015869140625,909.8392944335938]",RegionSummary_PP_LoreMarker_Parent,,,unresolved,unclassified,blocked_unclassified,False,False,,CUSTOM_MARKER_CANDIDATE,False,config/collectibles/v0.10.5/all-collectibles.json,codex/collectible-ship-heads,36bf3438b5453b556ddcbb45637a6c6b939d3252,15e4713ed36d56bfea01ec33aeb94f449ecbe2efc78e4ae7dbe52e9f36b402ba
nornir_bell_1038da33b1f82eed90ad9b81d596a959,nornir_bell,bell,alf320_trenchadark / BellChest_BellTarget_03,25B5C98A27101CB7,25B5C98A27101CB7,alf320_trenchadark.wad,aacfd881b995cd478f374320d33f7386,"[439.02879970374795,-0.7096635872325976,498.546058362753]",,,,unresolved,unclassified,blocked_unclassified,False,False,,RESEARCH_REQUIRED,False,config/collectibles/v0.10.5/all-collectibles.json,codex/collectible-ship-heads,36bf3438b5453b556ddcbb45637a6c6b939d3252,15e4713ed36d56bfea01ec33aeb94f449ecbe2efc78e4ae7dbe52e9f36b402ba
nornir_bell_1d6b73234f73e89d63abcbcd0fc8efd3,nornir_bell,bell,alf690_lakelightlh / BellTarget_1,25B5C98A27101CB7,25B5C98A27101CB7,alf690_lakelightlh.wad,3da5ded1910991449f7166a3e62a76f0,"[435.3912435126898,7.6185996759772365,513.5965871150839]",,,,unresolved,unclassified,blocked_unclassified,False,False,,RESEARCH_REQUIRED,False,config/collectibles/v0.10.5/all-collectibles.json,codex/collectible-ship-heads,36bf3438b5453b556ddcbb45637a6c6b939d3252,15e4713ed36d56bfea01ec33aeb94f449ecbe2efc78e4ae7dbe52e9f36b402ba
nornir_bell_262a7d6d0d999d0e281fc3437c7c4887,nornir_bell,bell,alf320_trenchadark / BellChest_BellTarget_02,25B5C98A27101CB7,25B5C98A27101CB7,alf320_trenchadark.wad,280ca156f81a864a9fb4c35e50c96774,"[411.68450075239576,-2.2907901829009916,472.2933236568761]",,,,unresolved,unclassified,blocked_unclassified,False,False,,RESEARCH_REQUIRED,False,config/collectibles/v0.10.5/all-collectibles.json,codex/collectible-ship-heads,36bf3438b5453b556ddcbb45637a6c6b939d3252,15e4713ed36d56bfea01ec33aeb94f449ecbe2efc78e4ae7dbe52e9f36b402ba
nornir_bell_455ab099c29ba90c933fdf0515091f11,nornir_bell,bell,alf320_trenchadark / BellChest_BellTarget_01,25B5C98A27101CB7,25B5C98A27101CB7,alf320_trenchadark.wad,38f47b548fc94848a4e900996030eee5,"[428.6637097205518,2.7560001161098455,471.5625458693735]",,,,unresolved,unclassified,blocked_unclassified,False,False,,RESEARCH_REQUIRED,False,config/collectibles/v0.10.5/all-collectibles.json,codex/collectible-ship-heads,36bf3438b5453b556ddcbb45637a6c6b939d3252,15e4713ed36d56bfea01ec33aeb94f449ecbe2efc78e4ae7dbe52e9f36b402ba
nornir_bell_48d1f323ee55c124f14b49d43c5aaf57,nornir_bell,bell,alf210_lakedarklh / BlankBell_Real_01,25B5C98A27101CB7,25B5C98A27101CB7,alf210_lakedarklh.wad,87e830727d7a9c45a0ae5cc9d442bac9,"[83.83383044593751,4.2167026867447674,366.22271068201627]",,,,unresolved,unclassified,blocked_unclassified,False,False,,RESEARCH_REQUIRED,False,config/collectibles/v0.10.5/all-collectibles.json,codex/collectible-ship-heads,36bf3438b5453b556ddcbb45637a6c6b939d3252,15e4713ed36d56bfea01ec33aeb94f449ecbe2efc78e4ae7dbe52e9f36b402ba
nornir_bell_6a49e5f6bc88d53b1b42ecd4a4868977,nornir_bell,bell,alf690_lakelightlh / BellTarget_3,25B5C98A27101CB7,25B5C98A27101CB7,alf690_lakelightlh.wad,5fb1391d16c8e3479aa1b246b7fad0f4,"[407.38353429534175,7.879657990952836,540.673912422497]",,,,unresolved,unclassified,blocked_unclassified,False,False,,RESEARCH_REQUIRED,False,config/collectibles/v0.10.5/all-collectibles.json,codex/collectible-ship-heads,36bf3438b5453b556ddcbb45637a6c6b939d3252,15e4713ed36d56bfea01ec33aeb94f449ecbe2efc78e4ae7dbe52e9f36b402ba
nornir_bell_7bb7fa75dfb9a12c235326f72de3846a,nornir_bell,bell,alf210_lakedarklh / BlankBell_Real_03,25B5C98A27101CB7,25B5C98A27101CB7,alf210_lakedarklh.wad,8b87e05c943d334298501ed5ae19bf62,"[90.11928478132819,5.956702536690077,376.1136061125104]",,,,unresolved,unclassified,blocked_unclassified,False,False,,RESEARCH_REQUIRED,False,config/collectibles/v0.10.5/all-collectibles.json,codex/collectible-ship-heads,36bf3438b5453b556ddcbb45637a6c6b939d3252,15e4713ed36d56bfea01ec33aeb94f449ecbe2efc78e4ae7dbe52e9f36b402ba
nornir_bell_a26fa8766d4f4ad27c0b8f961446188c,nornir_bell,bell,alf690_lakelightlh / BellTarget_2,25B5C98A27101CB7,25B5C98A27101CB7,alf690_lakelightlh.wad,bfb6bd7642a3644c9e63ed58fbf2b797,"[426.0560834048733,8.24999974668026,528.6758237713183]",,,,unresolved,unclassified,blocked_unclassified,False,False,,RESEARCH_REQUIRED,False,config/collectibles/v0.10.5/all-collectibles.json,codex/collectible-ship-heads,36bf3438b5453b556ddcbb45637a6c6b939d3252,15e4713ed36d56bfea01ec33aeb94f449ecbe2efc78e4ae7dbe52e9f36b402ba
nornir_bell_bc2d881962aa413fdfcb338266d50c3e,nornir_bell,bell,alf210_lakedarklh / BlankBell_Real_02,25B5C98A27101CB7,25B5C98A27101CB7,alf210_lakedarklh.wad,0429e2da53b6884c9b97d0274ca8ed4d,"[95.2676853569784,4.2167026867447674,368.7629085536515]",,,,unresolved,unclassified,blocked_unclassified,False,False,,RESEARCH_REQUIRED,False,config/collectibles/v0.10.5/all-collectibles.json,codex/collectible-ship-heads,36bf3438b5453b556ddcbb45637a6c6b939d3252,15e4713ed36d56bfea01ec33aeb94f449ecbe2efc78e4ae7dbe52e9f36b402ba
nornir_bell_20c0d951a8d68ad7ad5480c3c5e7471e,nornir_bell,bell,xpl100_httk / bellTarget_05,7CE593BC21393690,0000489975E7755D,xpl100_httk.wad,bd61ac4bacd69a4188d927cb08049b7d,"[321.4642028808594,-23.059300184249878,-477.58164978027344]",,,,unresolved,unclassified,blocked_unclassified,False,False,,RESEARCH_REQUIRED,False,config/collectibles/v0.10.5/all-collectibles.json,codex/collectible-ship-heads,36bf3438b5453b556ddcbb45637a6c6b939d3252,15e4713ed36d56bfea01ec33aeb94f449ecbe2efc78e4ae7dbe52e9f36b402ba
nornir_bell_4ff4e0e8246abed8af54e9e8df80ee3b,nornir_bell,bell,xpl100_httk / bellTarget_04,7CE593BC21393690,0000489975E7755D,xpl100_httk.wad,f874a07e12862145bf3b9be2be89d4a4,"[321.4642028808594,-23.059300184249878,-476.6169891357422]",,,,unresolved,unclassified,blocked_unclassified,False,False,,RESEARCH_REQUIRED,False,config/collectibles/v0.10.5/all-collectibles.json,codex/collectible-ship-heads,36bf3438b5453b556ddcbb45637a6c6b939d3252,15e4713ed36d56bfea01ec33aeb94f449ecbe2efc78e4ae7dbe52e9f36b402ba
nornir_bell_572d69650a8644e5f7450ca82026d0ce,nornir_bell,bell,xpl100_httk / bellTarget_06,7CE593BC21393690,0000489975E7755D,xpl100_httk.wad,320f947c01717f4b9414c700dec214c8,"[307.46421813964844,-23.138301134109497,-477.63768005371094]",,,,unresolved,unclassified,blocked_unclassified,False,False,,RESEARCH_REQUIRED,False,config/collectibles/v0.10.5/all-collectibles.json,codex/collectible-ship-heads,36bf3438b5453b556ddcbb45637a6c6b939d3252,15e4713ed36d56bfea01ec33aeb94f449ecbe2efc78e4ae7dbe52e9f36b402ba
nornir_bell_09f553d4ab6850d40c3077b5b160eb17,nornir_bell,bell,xpl940_beachcave / SpinnerBell_03,7CE593BC21393690,018E0CE2EAEAA53D,xpl940_beachcave.wad,43bb2f4a93c84b48a973ce319ff73ce3,"[60.07076092100775,-2.815966586717681,-193.31938546232567]",,,,unresolved,unclassified,blocked_unclassified,False,False,,RESEARCH_REQUIRED,False,config/collectibles/v0.10.5/all-collectibles.json,codex/collectible-ship-heads,36bf3438b5453b556ddcbb45637a6c6b939d3252,15e4713ed36d56bfea01ec33aeb94f449ecbe2efc78e4ae7dbe52e9f36b402ba
nornir_bell_55249a6d5cb16088f6ca2be05960d62b,nornir_bell,bell,xpl940_beachcave / SpinnerBell_02,7CE593BC21393690,018E0CE2EAEAA53D,xpl940_beachcave.wad,7858594431946a43a274849bbab277e7,"[65.85044108514059,-1.0805541262958993,-193.25875542092882]",,,,unresolved,unclassified,blocked_unclassified,False,False,,RESEARCH_REQUIRED,False,config/collectibles/v0.10.5/all-collectibles.json,codex/collectible-ship-heads,36bf3438b5453b556ddcbb45637a6c6b939d3252,15e4713ed36d56bfea01ec33aeb94f449ecbe2efc78e4ae7dbe52e9f36b402ba
nornir_bell_fcd4e40c67ffc41a08124ba02d472017,nornir_bell,bell,xpl940_beachcave / SpinnerBell_01,7CE593BC21393690,018E0CE2EAEAA53D,xpl940_beachcave.wad,fb36be908dcbc94db9561a7c00c02690,"[63.146625283932366,0.6021708791087406,-186.9079654708567]",,,,unresolved,unclassified,blocked_unclassified,False,False,,RESEARCH_REQUIRED,False,config/collectibles/v0.10.5/all-collectibles.json,codex/collectible-ship-heads,36bf3438b5453b556ddcbb45637a6c6b939d3252,15e4713ed36d56bfea01ec33aeb94f449ecbe2efc78e4ae7dbe52e9f36b402ba
nornir_bell_0a218968e317838d36fba55bea1f3bf3,nornir_bell,bell,xpl970_beachtower / BellTarget_Small_03,7CE593BC21393690,3A9BFC89F5AB6FE3,xpl970_beachtower.wad,da3513f534e0954db68c1783b5a0003d,"[-277.5897306267548,-2.3931425933156873,179.14032522010166]",,,,unresolved,unclassified,blocked_unclassified,False,False,,RESEARCH_REQUIRED,False,config/collectibles/v0.10.5/all-collectibles.json,codex/collectible-ship-heads,36bf3438b5453b556ddcbb45637a6c6b939d3252,15e4713ed36d56bfea01ec33aeb94f449ecbe2efc78e4ae7dbe52e9f36b402ba
nornir_bell_939c16e8297260b45cab0b7a6b084891,nornir_bell,bell,xpl970_beachtower / BellTarget_Small_01,7CE593BC21393690,3A9BFC89F5AB6FE3,xpl970_beachtower.wad,693c72fcf5ef194c86d0eb46025f3e2f,"[-265.8359979721373,0.1431400332963335,184.16900276628382]",,,,unresolved,unclassified,blocked_unclassified,False,False,,RESEARCH_REQUIRED,False,config/collectibles/v0.10.5/all-collectibles.json,codex/collectible-ship-heads,36bf3438b5453b556ddcbb45637a6c6b939d3252,15e4713ed36d56bfea01ec33aeb94f449ecbe2efc78e4ae7dbe52e9f36b402ba
nornir_bell_ce4bff4f7f5e96d4233997069516d341,nornir_bell,bell,xpl970_beachtower / BellTarget_Small_02,7CE593BC21393690,3A9BFC89F5AB6FE3,xpl970_beachtower.wad,94e138354035204892d2837b56417df5,"[-254.92428797321884,-1.7406660830577607,192.26170853118072]",,,,unresolved,unclassified,blocked_unclassified,False,False,,RESEARCH_REQUIRED,False,config/collectibles/v0.10.5/all-collectibles.json,codex/collectible-ship-heads,36bf3438b5453b556ddcbb45637a6c6b939d3252,15e4713ed36d56bfea01ec33aeb94f449ecbe2efc78e4ae7dbe52e9f36b402ba
nornir_bell_b17c6a9711703d8e4e77314c4644b5d7,nornir_bell,bell,riv420_forestboarstart / Riv420Bell_01,7CE593BC21393690,4EFD98E8E80E1239,riv420_forestboarstart.wad,698aa710f2bd15479af3d51bc8644a4a,"[-362.58697509765625,90.81415557861328,-332.95989990234375]",,,,unresolved,unclassified,blocked_unclassified,False,False,,RESEARCH_REQUIRED,False,config/collectibles/v0.10.5/all-collectibles.json,codex/collectible-ship-heads,36bf3438b5453b556ddcbb45637a6c6b939d3252,15e4713ed36d56bfea01ec33aeb94f449ecbe2efc78e4ae7dbe52e9f36b402ba
nornir_bell_c626289e29408ceec48e309cc46a22b2,nornir_bell,bell,riv420_forestboarstart / Riv420Bell_03,7CE593BC21393690,4EFD98E8E80E1239,riv420_forestboarstart.wad,6fb44a068e128449b4c3805538854813,"[-309.7916259765625,89.34351348876953,-304.21282958984375]",,,,unresolved,unclassified,blocked_unclassified,False,False,,RESEARCH_REQUIRED,False,config/collectibles/v0.10.5/all-collectibles.json,codex/collectible-ship-heads,36bf3438b5453b556ddcbb45637a6c6b939d3252,15e4713ed36d56bfea01ec33aeb94f449ecbe2efc78e4ae7dbe52e9f36b402ba
nornir_bell_f7cc30210784667d9a956c0c330e7819,nornir_bell,bell,riv420_forestboarstart / Riv420Bell_02,7CE593BC21393690,4EFD98E8E80E1239,riv420_forestboarstart.wad,251e823309507149bf02f80430fada9a,"[-302.2071533203125,91.61186218261719,-318.0554504394531]",,,,unresolved,unclassified,blocked_unclassified,False,False,,RESEARCH_REQUIRED,False,config/collectibles/v0.10.5/all-collectibles.json,codex/collectible-ship-heads,36bf3438b5453b556ddcbb45637a6c6b939d3252,15e4713ed36d56bfea01ec33aeb94f449ecbe2efc78e4ae7dbe52e9f36b402ba
nornir_bell_51461684261a2db5058696409d078465,nornir_bell,bell,xpl850_dungeonforest / bellTarget_B,7CE593BC21393690,7880D593C85F2451,xpl850_dungeonforest.wad,b7a497fd71c9c34ba8526acb0ee5f9e7,"[90.78613796387526,7.703205585479736,-566.0432422444051]",,,,unresolved,unclassified,blocked_unclassified,False,False,,RESEARCH_REQUIRED,False,config/collectibles/v0.10.5/all-collectibles.json,codex/collectible-ship-heads,36bf3438b5453b556ddcbb45637a6c6b939d3252,15e4713ed36d56bfea01ec33aeb94f449ecbe2efc78e4ae7dbe52e9f36b402ba
nornir_bell_58710bb4fbea91ee1cfddce17b0b5c62,nornir_bell,bell,xpl850_dungeonforest / bellTarget_A,7CE593BC21393690,7880D593C85F2451,xpl850_dungeonforest.wad,c3772fe3ca1b8c48ae2c347090ae12e6,"[92.26441339114172,4.82316455245018,-559.0157694616069]",,,,unresolved,unclassified,blocked_unclassified,False,False,,RESEARCH_REQUIRED,False,config/collectibles/v0.10.5/all-collectibles.json,codex/collectible-ship-heads,36bf3438b5453b556ddcbb45637a6c6b939d3252,15e4713ed36d56bfea01ec33aeb94f449ecbe2efc78e4ae7dbe52e9f36b402ba
nornir_bell_bbae700182fabe29b44ca9ebb5259df3,nornir_bell,bell,xpl850_dungeonforest / bellTarget_C,7CE593BC21393690,7880D593C85F2451,xpl850_dungeonforest.wad,d59a44acb701e242960b5dad5cd3e988,"[66.70409424387981,10.515346050262451,-576.6165557634691]",,,,unresolved,unclassified,blocked_unclassified,False,False,,RESEARCH_REQUIRED,False,config/collectibles/v0.10.5/all-collectibles.json,codex/collectible-ship-heads,36bf3438b5453b556ddcbb45637a6c6b939d3252,15e4713ed36d56bfea01ec33aeb94f449ecbe2efc78e4ae7dbe52e9f36b402ba
nornir_chest_3ec0daa848922cad4fb30c8bb93c171f,nornir_chest,Runic_Axe,alf320_trenchadark / gochestscript_rn,25B5C98A27101CB7,25B5C98A27101CB7,alf320_trenchadark.wad,3ec0daa8-4892-2cad-4fb3-0c8bb93c171f,"[437.96428631670824,-0.20399974560737633,497.43487459104415]",,,,unresolved,tracked_candidate,blocked_direct_binding_and_state,False,False,,CUSTOM_MARKER_CANDIDATE,False,config/collectibles/v0.10.5/all-collectibles.json,codex/collectible-nornir-chests,37f19b164bf370578ed058274d5020c2d5ab02ad,15e4713ed36d56bfea01ec33aeb94f449ecbe2efc78e4ae7dbe52e9f36b402ba
nornir_chest_522448bf4d91b0f19de6adbd1c77d709,nornir_chest,Runic_Axe,alf690_lakelightlh / gochestscript_rn,25B5C98A27101CB7,25B5C98A27101CB7,alf690_lakelightlh.wad,522448bf-4d91-b0f1-9de6-adbd1c77d709,"[423.0549393892288,9.274999780952925,528.7109147310257]",,,,unresolved,tracked_candidate,blocked_direct_binding_and_state,False,False,,CUSTOM_MARKER_CANDIDATE,False,config/collectibles/v0.10.5/all-collectibles.json,codex/collectible-nornir-chests,37f19b164bf370578ed058274d5020c2d5ab02ad,15e4713ed36d56bfea01ec33aeb94f449ecbe2efc78e4ae7dbe52e9f36b402ba
nornir_chest_9a92c24340832c2107ff7d997c9fcbda,nornir_chest,Runic_Axe,alf340_trenchbdark / gochestscript_rn,25B5C98A27101CB7,25B5C98A27101CB7,alf340_trenchbdark.wad,9a92c243-4083-2c21-07ff-7d997c9fcbda,"[302.35181336695155,-15.499998837709427,378.5921481937746]",,,,unresolved,tracked_candidate,blocked_direct_binding_and_state,False,False,,CUSTOM_MARKER_CANDIDATE,False,config/collectibles/v0.10.5/all-collectibles.json,codex/collectible-nornir-chests,37f19b164bf370578ed058274d5020c2d5ab02ad,15e4713ed36d56bfea01ec33aeb94f449ecbe2efc78e4ae7dbe52e9f36b402ba
nornir_chest_e00c75d24c76b498de4c1f85c997c65e,nornir_chest,Runic_Axe,alf210_lakedarklh / gochestscript_rn,25B5C98A27101CB7,25B5C98A27101CB7,alf210_lakedarklh.wad,e00c75d2-4c76-b498-de4c-1f85c997c65e,"[88.755444551175,5.683702547329506,368.58752410213316]",,,,unresolved,tracked_candidate,blocked_direct_binding_and_state,False,False,,CUSTOM_MARKER_CANDIDATE,False,config/collectibles/v0.10.5/all-collectibles.json,codex/collectible-nornir-chests,37f19b164bf370578ed058274d5020c2d5ab02ad,15e4713ed36d56bfea01ec33aeb94f449ecbe2efc78e4ae7dbe52e9f36b402ba
nornir_chest_d8e4c77444fe09d0a960198ab802058e,nornir_chest,Runic_Axe,xpl100_httk / gochestscript_rn,7CE593BC21393690,0000489975E7755D,xpl100_httk.wad,d8e4c774-44fe-09d0-a960-198ab802058e,"[325.83121490478516,-28.444440841674805,-439.92340087890625]",,,,unresolved,tracked_candidate,blocked_direct_binding_and_state,False,False,,CUSTOM_MARKER_CANDIDATE,False,config/collectibles/v0.10.5/all-collectibles.json,codex/collectible-nornir-chests,37f19b164bf370578ed058274d5020c2d5ab02ad,15e4713ed36d56bfea01ec33aeb94f449ecbe2efc78e4ae7dbe52e9f36b402ba
nornir_chest_a2cdfc7a4f0ab68eac212bb108cd35b7,nornir_chest,Runic_Axe,xpl940_beachcave / gochestscript_rn,7CE593BC21393690,018E0CE2EAEAA53D,xpl940_beachcave.wad,a2cdfc7a-4f0a-b68e-ac21-2bb108cd35b7,"[77.69910638370473,-4.40076245367527,-192.25833433522763]",,,,unresolved,tracked_candidate,blocked_direct_binding_and_state,False,False,,CUSTOM_MARKER_CANDIDATE,False,config/collectibles/v0.10.5/all-collectibles.json,codex/collectible-nornir-chests,37f19b164bf370578ed058274d5020c2d5ab02ad,15e4713ed36d56bfea01ec33aeb94f449ecbe2efc78e4ae7dbe52e9f36b402ba
nornir_chest_c02f019049d50ea0146c478fd46f4a49,nornir_chest,Runic_Axe,xpl950_beachmaze / gochestscript_rn,7CE593BC21393690,018E325B7D1CFC3B,xpl950_beachmaze.wad,c02f0190-49d5-0ea0-146c-478fd46f4a49,"[-251.0319695820877,-5.7467373833060265,299.8836702630201]",,,,unresolved,tracked_candidate,blocked_direct_binding_and_state,False,False,,CUSTOM_MARKER_CANDIDATE,False,config/collectibles/v0.10.5/all-collectibles.json,codex/collectible-nornir-chests,37f19b164bf370578ed058274d5020c2d5ab02ad,15e4713ed36d56bfea01ec33aeb94f449ecbe2efc78e4ae7dbe52e9f36b402ba
nornir_chest_6b7011074e78df82ecd508b6b1a8444f,nornir_chest,Runic_Axe,xpl970_beachtower / gochestscript_rn,7CE593BC21393690,3A9BFC89F5AB6FE3,xpl970_beachtower.wad,6b701107-4e78-df82-ecd5-08b6b1a8444f,"[-261.2477280744189,-3.97690109152191,188.8201459478363]",,,,unresolved,tracked_candidate,blocked_direct_binding_and_state,False,False,,CUSTOM_MARKER_CANDIDATE,False,config/collectibles/v0.10.5/all-collectibles.json,codex/collectible-nornir-chests,37f19b164bf370578ed058274d5020c2d5ab02ad,15e4713ed36d56bfea01ec33aeb94f449ecbe2efc78e4ae7dbe52e9f36b402ba
nornir_chest_0f0cc7ca48423bb296f6ddbed87a8f3b,nornir_chest,Runic_Axe,riv925_freyacave / gochestscript_rn,7CE593BC21393690,4EFD98E8E80E1239,riv925_freyacave.wad,0f0cc7ca-4842-3bb2-96f6-ddbed87a8f3b,"[-473.51507568359375,40.5,-26.950910568237305]",,,,unresolved,tracked_candidate,blocked_direct_binding_and_state,False,False,,CUSTOM_MARKER_CANDIDATE,False,config/collectibles/v0.10.5/all-collectibles.json,codex/collectible-nornir-chests,37f19b164bf370578ed058274d5020c2d5ab02ad,15e4713ed36d56bfea01ec33aeb94f449ecbe2efc78e4ae7dbe52e9f36b402ba
nornir_chest_45bbcd15458cd30c3338a7b3dab9b3d9,nornir_chest,Runic_Axe,riv225_dangerscave / gochestscript_rn,7CE593BC21393690,4EFD98E8E80E1239,riv225_dangerscave.wad,45bbcd15-458c-d30c-3338-a7b3dab9b3d9,"[-201.34909057617188,79.71295166015625,-481.97283935546875]",,,,unresolved,tracked_candidate,blocked_direct_binding_and_state,False,False,,CUSTOM_MARKER_CANDIDATE,False,config/collectibles/v0.10.5/all-collectibles.json,codex/collectible-nornir-chests,37f19b164bf370578ed058274d5020c2d5ab02ad,15e4713ed36d56bfea01ec33aeb94f449ecbe2efc78e4ae7dbe52e9f36b402ba
nornir_chest_69780ade492b089119484199e5423527,nornir_chest,Runic_Axe,riv475_freyahouseext / gochestscript_rn,7CE593BC21393690,4EFD98E8E80E1239,riv475_freyahouseext.wad,69780ade-492b-0891-1948-4199e5423527,"[-402.765625,63.917999267578125,-25.932273864746094]",,,,unresolved,tracked_candidate,blocked_direct_binding_and_state,False,False,,CUSTOM_MARKER_CANDIDATE,False,config/collectibles/v0.10.5/all-collectibles.json,codex/collectible-nornir-chests,37f19b164bf370578ed058274d5020c2d5ab02ad,15e4713ed36d56bfea01ec33aeb94f449ecbe2efc78e4ae7dbe52e9f36b402ba
nornir_chest_7d8b404340e8ef8edb4096b3a1a1e3fc,nornir_chest,Runic_Axe,riv325_dangersexit / gochestscript_rn,7CE593BC21393690,4EFD98E8E80E1239,riv325_dangersexit.wad,7d8b4043-40e8-ef8e-db40-96b3a1a1e3fc,"[-231.0,95.0,-423.0]",,,,unresolved,tracked_candidate,blocked_direct_binding_and_state,False,False,,CUSTOM_MARKER_CANDIDATE,False,config/collectibles/v0.10.5/all-collectibles.json,codex/collectible-nornir-chests,37f19b164bf370578ed058274d5020c2d5ab02ad,15e4713ed36d56bfea01ec33aeb94f449ecbe2efc78e4ae7dbe52e9f36b402ba
nornir_chest_d2cacb84426fd68d504a11ae125c2b62,nornir_chest,Runic_Axe,riv420_forestboarstart / gochestscript_rn,7CE593BC21393690,4EFD98E8E80E1239,riv420_forestboarstart.wad,d2cacb84-426f-d68d-504a-11ae125c2b62,"[-313.4189453125,87.75,-309.90380859375]",,,,unresolved,tracked_candidate,blocked_direct_binding_and_state,False,False,,CUSTOM_MARKER_CANDIDATE,False,config/collectibles/v0.10.5/all-collectibles.json,codex/collectible-nornir-chests,37f19b164bf370578ed058274d5020c2d5ab02ad,15e4713ed36d56bfea01ec33aeb94f449ecbe2efc78e4ae7dbe52e9f36b402ba
nornir_chest_a6ac8eeb4ea2545ab05df19e8ea6ee8f,nornir_chest,Runic_Axe,foot100_base / gochestscript_rn,7CE593BC21393690,62F2A92841484ABF,foot100_base.wad,a6ac8eeb-4ea2-545a-b05d-f19e8ea6ee8f,"[-320.090393781662,14.20871901512146,241.46955490112305]",,,,unresolved,tracked_candidate,blocked_direct_binding_and_state,False,False,,CUSTOM_MARKER_CANDIDATE,False,config/collectibles/v0.10.5/all-collectibles.json,codex/collectible-nornir-chests,37f19b164bf370578ed058274d5020c2d5ab02ad,15e4713ed36d56bfea01ec33aeb94f449ecbe2efc78e4ae7dbe52e9f36b402ba
nornir_chest_a336e1844ac7c90b6cd6288e2cdab274,nornir_chest,Runic_Axe,xpl920_islandclimb / gochestscript_rn,7CE593BC21393690,6CB9C4F417D29A91,xpl920_islandclimb.wad,a336e184-4ac7-c90b-6cd6-288e2cdab274,"[226.80191253510452,-16.742295265197754,-21.639614252489878]",,,,unresolved,tracked_candidate,blocked_direct_binding_and_state,False,False,,CUSTOM_MARKER_CANDIDATE,False,config/collectibles/v0.10.5/all-collectibles.json,codex/collectible-nornir-chests,37f19b164bf370578ed058274d5020c2d5ab02ad,15e4713ed36d56bfea01ec33aeb94f449ecbe2efc78e4ae7dbe52e9f36b402ba
nornir_chest_3f3a8e7844ff44f57da024b2efce93dc,nornir_chest,Runic_Axe,xpl850_dungeonforest / gochestscript_rn,7CE593BC21393690,7880D593C85F2451,xpl850_dungeonforest.wad,3f3a8e78-44ff-44f5-7da0-24b2efce93dc,"[87.19123225540534,1.461977481842041,-558.6600363232956]",,,,unresolved,tracked_candidate,blocked_direct_binding_and_state,False,False,,CUSTOM_MARKER_CANDIDATE,False,config/collectibles/v0.10.5/all-collectibles.json,codex/collectible-nornir-chests,37f19b164bf370578ed058274d5020c2d5ab02ad,15e4713ed36d56bfea01ec33aeb94f449ecbe2efc78e4ae7dbe52e9f36b402ba
nornir_chest_6d18634c4e86282d1cfa0e84f6d5654f,nornir_chest,Runic_Axe,for600_spire / gochestscript_rn,7CE593BC21393690,7AF9D3D169EFE9B7,for600_spire.wad,6d18634c-4e86-282d-1cfa-0e84f6d5654f,"[-39.89743423461901,51.54513931274414,-807.3256225585938]",,,,unresolved,tracked_candidate,blocked_direct_binding_and_state,False,False,,CUSTOM_MARKER_CANDIDATE,False,config/collectibles/v0.10.5/all-collectibles.json,codex/collectible-nornir-chests,37f19b164bf370578ed058274d5020c2d5ab02ad,15e4713ed36d56bfea01ec33aeb94f449ecbe2efc78e4ae7dbe52e9f36b402ba
nornir_chest_c190d59340706bb79925cb9f2d5867cf,nornir_chest,Runic_Axe,xpl200_funeral / gochestscript_rn,7CE593BC21393690,A1845BEF17F0E7BB,xpl200_funeral.wad,c190d593-4070-6bb7-9925-cb9f2d5867cf,"[-43.9046096801758,14.5,748.5794448852539]",,,,unresolved,tracked_candidate,blocked_direct_binding_and_state,False,False,,CUSTOM_MARKER_CANDIDATE,False,config/collectibles/v0.10.5/all-collectibles.json,codex/collectible-nornir-chests,37f19b164bf370578ed058274d5020c2d5ab02ad,15e4713ed36d56bfea01ec33aeb94f449ecbe2efc78e4ae7dbe52e9f36b402ba
nornir_chest_f8548c574dc67cba277c5cb31099648b,nornir_chest,Runic_Axe,cal500_runevault / gochestscript_rn,7CE593BC21393690,AA75374C6FBBE8A6,cal500_runevault.wad,f8548c57-4dc6-7cba-277c-5cb31099648b,"[-93.23381805419922,-5.2519025802612305,1.27968430519104]",,,,unresolved,tracked_candidate,blocked_direct_binding_and_state,False,False,,CUSTOM_MARKER_CANDIDATE,False,config/collectibles/v0.10.5/all-collectibles.json,codex/collectible-nornir-chests,37f19b164bf370578ed058274d5020c2d5ab02ad,15e4713ed36d56bfea01ec33aeb94f449ecbe2efc78e4ae7dbe52e9f36b402ba
nornir_chest_c0cf411940bad7d00042afa7a46f5514,nornir_chest,Runic_Axe,peak720_summitascenthub / gochestscript_rn,7CE593BC21393690,ED623FA0A76B2934,peak720_summitascenthub.wad,c0cf4119-40ba-d7d0-0042-afa7a46f5514,"[-458.1594543457031,1197.121337890625,930.2709350585938]",,,,unresolved,tracked_candidate,blocked_direct_binding_and_state,False,False,,CUSTOM_MARKER_CANDIDATE,False,config/collectibles/v0.10.5/all-collectibles.json,codex/collectible-nornir-chests,37f19b164bf370578ed058274d5020c2d5ab02ad,15e4713ed36d56bfea01ec33aeb94f449ecbe2efc78e4ae7dbe52e9f36b402ba
nornir_chest_f8ac74b9414e59e764d8738182c00663,nornir_chest,Runic_Axe,peak140_caverndark / gochestscript_rn,7CE593BC21393690,ED623FA0A76B2934,peak140_caverndark.wad,f8ac74b9-414e-59e7-64d8-738182c00663,"[-437.34835748264874,114.29021501541138,625.9421640814452]",,,,unresolved,tracked_candidate,blocked_direct_binding_and_state,False,False,,CUSTOM_MARKER_CANDIDATE,False,config/collectibles/v0.10.5/all-collectibles.json,codex/collectible-nornir-chests,37f19b164bf370578ed058274d5020c2d5ab02ad,15e4713ed36d56bfea01ec33aeb94f449ecbe2efc78e4ae7dbe52e9f36b402ba
nornir_chest_6fc8ac794c63bf63a13736b7cd3c7f25,nornir_chest,Runic_Axe,helr100_docks / gochestscript_rn,FE4E39694E7F6B29,FE4E39694E7F6B29,helr100_docks.wad,6fc8ac79-4c63-bf63-a137-36b7cd3c7f25,"[2228.758056640625,-338.0022277832031,682.715087890625]",,,,unresolved,explained_untracked,excluded_from_map_accounting,False,False,,CUSTOM_MARKER_CANDIDATE,False,config/collectibles/v0.10.5/all-collectibles.json,codex/collectible-nornir-chests,37f19b164bf370578ed058274d5020c2d5ab02ad,15e4713ed36d56bfea01ec33aeb94f449ecbe2efc78e4ae7dbe52e9f36b402ba
nornir_mechanism_79b41e91b2267af30fc0fb18c76b2256,nornir_mechanism,mechanism,xpl950_beachmaze / SpinnerChest_Spinner_Base_xx01,7CE593BC21393690,018E325B7D1CFC3B,xpl950_beachmaze.wad,69287e03e0e3654885f077dd561289b4,"[-201.6841581195978,-5.867536902427673,280.38077813971887]",,,,unresolved,unclassified,blocked_unclassified,False,False,,RESEARCH_REQUIRED,False,config/collectibles/v0.10.5/all-collectibles.json,codex/collectible-ship-heads,36bf3438b5453b556ddcbb45637a6c6b939d3252,15e4713ed36d56bfea01ec33aeb94f449ecbe2efc78e4ae7dbe52e9f36b402ba
nornir_mechanism_852fd59bca1426dbb06fe5a2ad712ad1,nornir_mechanism,mechanism,xpl950_beachmaze / SpinnerChest_Spinner_Base_xx02,7CE593BC21393690,018E325B7D1CFC3B,xpl950_beachmaze.wad,c6554c82a79e1d4e982b1e05f04bbdd6,"[-201.7363957696162,-5.867536902427673,280.4443732948381]",,,,unresolved,unclassified,blocked_unclassified,False,False,,RESEARCH_REQUIRED,False,config/collectibles/v0.10.5/all-collectibles.json,codex/collectible-ship-heads,36bf3438b5453b556ddcbb45637a6c6b939d3252,15e4713ed36d56bfea01ec33aeb94f449ecbe2efc78e4ae7dbe52e9f36b402ba
nornir_mechanism_bfec931786e544681e2a43207415c6d6,nornir_mechanism,mechanism,xpl950_beachmaze / SpinnerChest_Spinner_Base_xx03,7CE593BC21393690,018E325B7D1CFC3B,xpl950_beachmaze.wad,45936e57e6647b478221f95758245876,"[-202.38571041647833,-4.383368968963623,276.70173856593976]",,,,unresolved,unclassified,blocked_unclassified,False,False,,RESEARCH_REQUIRED,False,config/collectibles/v0.10.5/all-collectibles.json,codex/collectible-ship-heads,36bf3438b5453b556ddcbb45637a6c6b939d3252,15e4713ed36d56bfea01ec33aeb94f449ecbe2efc78e4ae7dbe52e9f36b402ba
nornir_mechanism_02f54dd393f50610a8c68ea9f984643f,nornir_mechanism,mechanism,riv475_freyahouseext / Base_003,7CE593BC21393690,4EFD98E8E80E1239,riv475_freyahouseext.wad,cc03f4374032004bb098393077592236,"[-397.8391418457031,73.0766372680664,3.394198417663574]",,,,unresolved,unclassified,blocked_unclassified,False,False,,RESEARCH_REQUIRED,False,config/collectibles/v0.10.5/all-collectibles.json,codex/collectible-ship-heads,36bf3438b5453b556ddcbb45637a6c6b939d3252,15e4713ed36d56bfea01ec33aeb94f449ecbe2efc78e4ae7dbe52e9f36b402ba
nornir_mechanism_05c6e0544d3ddf1bb25db9f6e9ca98fb,nornir_mechanism,mechanism,riv475_freyahouseext / Base_001,7CE593BC21393690,4EFD98E8E80E1239,riv475_freyahouseext.wad,17267bc3a926f341b7edaf470cacff5a,"[-402.4800109863281,70.17500305175781,5.48199987411499]",,,,unresolved,unclassified,blocked_unclassified,False,False,,RESEARCH_REQUIRED,False,config/collectibles/v0.10.5/all-collectibles.json,codex/collectible-ship-heads,36bf3438b5453b556ddcbb45637a6c6b939d3252,15e4713ed36d56bfea01ec33aeb94f449ecbe2efc78e4ae7dbe52e9f36b402ba
nornir_mechanism_f747f31b84e60195ec5da9adeaac82ed,nornir_mechanism,mechanism,riv475_freyahouseext / Base_002,7CE593BC21393690,4EFD98E8E80E1239,riv475_freyahouseext.wad,89539cb3c89ad642ace67a5c6e61e437,"[-397.92413330078125,74.10281372070312,3.6131725311279297]",,,,unresolved,unclassified,blocked_unclassified,False,False,,RESEARCH_REQUIRED,False,config/collectibles/v0.10.5/all-collectibles.json,codex/collectible-ship-heads,36bf3438b5453b556ddcbb45637a6c6b939d3252,15e4713ed36d56bfea01ec33aeb94f449ecbe2efc78e4ae7dbe52e9f36b402ba
nornir_mechanism_87973454a6ca948640415ba8df0cdaef,nornir_mechanism,mechanism,foot100_base / MemoryChest_SpinBase1,7CE593BC21393690,62F2A92841484ABF,foot100_base.wad,0c82ef8386951f41a3c9aec3b0e7843a,"[-304.1454601287842,11.520946979522705,245.53383757174015]",,,,unresolved,unclassified,blocked_unclassified,False,False,,RESEARCH_REQUIRED,False,config/collectibles/v0.10.5/all-collectibles.json,codex/collectible-ship-heads,36bf3438b5453b556ddcbb45637a6c6b939d3252,15e4713ed36d56bfea01ec33aeb94f449ecbe2efc78e4ae7dbe52e9f36b402ba
nornir_mechanism_de76137609824e37c6f2ee896724e14c,nornir_mechanism,mechanism,foot100_base / MemoryChest_SpinBase3,7CE593BC21393690,62F2A92841484ABF,foot100_base.wad,91ff9d1d04d262409455906b045bbb36,"[-313.0468759536743,10.94514274597168,261.15574073791504]",,,,unresolved,unclassified,blocked_unclassified,False,False,,RESEARCH_REQUIRED,False,config/collectibles/v0.10.5/all-collectibles.json,codex/collectible-ship-heads,36bf3438b5453b556ddcbb45637a6c6b939d3252,15e4713ed36d56bfea01ec33aeb94f449ecbe2efc78e4ae7dbe52e9f36b402ba
nornir_mechanism_fcaa67b85c4ba0b3183cd68cc34fe072,nornir_mechanism,mechanism,foot100_base / MemoryChest_SpinBase2,7CE593BC21393690,62F2A92841484ABF,foot100_base.wad,9f8795ae52c32d4daf909e8e44657e23,"[-320.43880915641785,17.028159022331238,232.52740955352783]",,,,unresolved,unclassified,blocked_unclassified,False,False,,RESEARCH_REQUIRED,False,config/collectibles/v0.10.5/all-collectibles.json,codex/collectible-ship-heads,36bf3438b5453b556ddcbb45637a6c6b939d3252,15e4713ed36d56bfea01ec33aeb94f449ecbe2efc78e4ae7dbe52e9f36b402ba
nornir_mechanism_37552eb66009b6fecf799dfb42a753ca,nornir_mechanism,mechanism,peak140_caverndark / SpinChest_SpinBase2,7CE593BC21393690,ED623FA0A76B2934,peak140_caverndark.wad,bb6cdebdd1907a4893077d8a1edfea19,"[-467.67113457794574,107.24175325781107,631.934477991711]",,,,unresolved,unclassified,blocked_unclassified,False,False,,RESEARCH_REQUIRED,False,config/collectibles/v0.10.5/all-collectibles.json,codex/collectible-ship-heads,36bf3438b5453b556ddcbb45637a6c6b939d3252,15e4713ed36d56bfea01ec33aeb94f449ecbe2efc78e4ae7dbe52e9f36b402ba
nornir_mechanism_739746f815d13616f8a6d6ef039730f1,nornir_mechanism,mechanism,peak140_caverndark / SpinChest_SpinBase1,7CE593BC21393690,ED623FA0A76B2934,peak140_caverndark.wad,2fe3962e3a0b03439c91b360501b0c0a,"[-487.93336352484823,120.7373104095459,618.7332692799284]",,,,unresolved,unclassified,blocked_unclassified,False,False,,RESEARCH_REQUIRED,False,config/collectibles/v0.10.5/all-collectibles.json,codex/collectible-ship-heads,36bf3438b5453b556ddcbb45637a6c6b939d3252,15e4713ed36d56bfea01ec33aeb94f449ecbe2efc78e4ae7dbe52e9f36b402ba
nornir_mechanism_e9c07816acae07d0d29d50cf4b1a449a,nornir_mechanism,mechanism,peak140_caverndark / SpinChest_SpinBase3,7CE593BC21393690,ED623FA0A76B2934,peak140_caverndark.wad,324b4e851b20554e8d4a279a46809fbd,"[-449.14438090222325,112.08068513870239,648.1388523825462]",,,,unresolved,unclassified,blocked_unclassified,False,False,,RESEARCH_REQUIRED,False,config/collectibles/v0.10.5/all-collectibles.json,codex/collectible-ship-heads,36bf3438b5453b556ddcbb45637a6c6b939d3252,15e4713ed36d56bfea01ec33aeb94f449ecbe2efc78e4ae7dbe52e9f36b402ba
nornir_seal_54223c28eba6f74455c19c8d51e3ba60,nornir_seal,seal,alf340_trenchbdark / runic_breakable_03,25B5C98A27101CB7,25B5C98A27101CB7,alf340_trenchbdark.wad,2f417c41ecc82d40baec74e26d216c8d,"[376.4689741195837,-11.016560613121896,373.1119707230873]",,,,unresolved,unclassified,blocked_unclassified,False,False,,RESEARCH_REQUIRED,False,config/collectibles/v0.10.5/all-collectibles.json,codex/collectible-ship-heads,36bf3438b5453b556ddcbb45637a6c6b939d3252,15e4713ed36d56bfea01ec33aeb94f449ecbe2efc78e4ae7dbe52e9f36b402ba
nornir_seal_c69651b360469e83ea72bce3b6f9d5d1,nornir_seal,seal,alf340_trenchbdark / runic_breakable_02,25B5C98A27101CB7,25B5C98A27101CB7,alf340_trenchbdark.wad,ebd6aabf57d4a24b9ed41dde97c63d8d,"[402.0957162729419,-20.471310110610034,376.3921875464729]",,,,unresolved,unclassified,blocked_unclassified,False,False,,RESEARCH_REQUIRED,False,config/collectibles/v0.10.5/all-collectibles.json,codex/collectible-ship-heads,36bf3438b5453b556ddcbb45637a6c6b939d3252,15e4713ed36d56bfea01ec33aeb94f449ecbe2efc78e4ae7dbe52e9f36b402ba
nornir_seal_c96a86a4659fbe80d74d5cf2f42173a0,nornir_seal,seal,alf340_trenchbdark / runic_breakable_01,25B5C98A27101CB7,25B5C98A27101CB7,alf340_trenchbdark.wad,ca03239e9d2540418fdcb66eeb56016f,"[276.8878684385737,-19.645166895081502,397.0712350470547]",,,,unresolved,unclassified,blocked_unclassified,False,False,,RESEARCH_REQUIRED,False,config/collectibles/v0.10.5/all-collectibles.json,codex/collectible-ship-heads,36bf3438b5453b556ddcbb45637a6c6b939d3252,15e4713ed36d56bfea01ec33aeb94f449ecbe2efc78e4ae7dbe52e9f36b402ba
nornir_seal_0dae8b5eefe17cd00fa6f569d6be247d,nornir_seal,seal,riv925_freyacave / runic_breakable_02,7CE593BC21393690,4EFD98E8E80E1239,riv925_freyacave.wad,7ed429776db50d48a6a9118715036711,"[-464.75,46.5,6.25]",,,,unresolved,unclassified,blocked_unclassified,False,False,,RESEARCH_REQUIRED,False,config/collectibles/v0.10.5/all-collectibles.json,codex/collectible-ship-heads,36bf3438b5453b556ddcbb45637a6c6b939d3252,15e4713ed36d56bfea01ec33aeb94f449ecbe2efc78e4ae7dbe52e9f36b402ba
nornir_seal_271ba83ac46670ba8bf5f2b3f120b3bb,nornir_seal,seal,riv225_dangerscave / runic_breakable_02,7CE593BC21393690,4EFD98E8E80E1239,riv225_dangerscave.wad,82f30792afff9e46b5e3b9a7c46bf7d7,"[-226.98133850097656,87.77002716064453,-458.39691162109375]",,,,unresolved,unclassified,blocked_unclassified,False,False,,RESEARCH_REQUIRED,False,config/collectibles/v0.10.5/all-collectibles.json,codex/collectible-ship-heads,36bf3438b5453b556ddcbb45637a6c6b939d3252,15e4713ed36d56bfea01ec33aeb94f449ecbe2efc78e4ae7dbe52e9f36b402ba
nornir_seal_310eca117f6be8f196a125176d6d6d92,nornir_seal,seal,riv325_dangersexit / runic_gnome_02,7CE593BC21393690,4EFD98E8E80E1239,riv325_dangersexit.wad,641e06a42792a3498481a1c78991ea91,"[-240.56954956054688,96.9044418334961,-433.0]",,,,unresolved,unclassified,blocked_unclassified,False,False,,RESEARCH_REQUIRED,False,config/collectibles/v0.10.5/all-collectibles.json,codex/collectible-ship-heads,36bf3438b5453b556ddcbb45637a6c6b939d3252,15e4713ed36d56bfea01ec33aeb94f449ecbe2efc78e4ae7dbe52e9f36b402ba
nornir_seal_4088b5d5749c3a03145bb68a33a7f2b3,nornir_seal,seal,riv225_dangerscave / runic_breakable_03,7CE593BC21393690,4EFD98E8E80E1239,riv225_dangerscave.wad,4c7d45e3d405224dadff0e049d8ced92,"[-196.9120635986328,82.64625549316406,-475.72222900390625]",,,,unresolved,unclassified,blocked_unclassified,False,False,,RESEARCH_REQUIRED,False,config/collectibles/v0.10.5/all-collectibles.json,codex/collectible-ship-heads,36bf3438b5453b556ddcbb45637a6c6b939d3252,15e4713ed36d56bfea01ec33aeb94f449ecbe2efc78e4ae7dbe52e9f36b402ba
nornir_seal_4b0424d798c7393f24e381ca117eb65a,nornir_seal,seal,riv325_dangersexit / runic_gnome_03,7CE593BC21393690,4EFD98E8E80E1239,riv325_dangersexit.wad,c6fcb096df94b14c9a8f307a48dfbaed,"[-250.6388397216797,99.98199462890625,-413.01776123046875]",,,,unresolved,unclassified,blocked_unclassified,False,False,,RESEARCH_REQUIRED,False,config/collectibles/v0.10.5/all-collectibles.json,codex/collectible-ship-heads,36bf3438b5453b556ddcbb45637a6c6b939d3252,15e4713ed36d56bfea01ec33aeb94f449ecbe2efc78e4ae7dbe52e9f36b402ba
nornir_seal_72621b388e9021c020984698fa67149a,nornir_seal,seal,riv325_dangersexit / runic_gnome_01,7CE593BC21393690,4EFD98E8E80E1239,riv325_dangersexit.wad,43f15c9869a832449264946114a9ff5a,"[-264.9349365234375,98.64220428466797,-428.3148498535156]",,,,unresolved,unclassified,blocked_unclassified,False,False,,RESEARCH_REQUIRED,False,config/collectibles/v0.10.5/all-collectibles.json,codex/collectible-ship-heads,36bf3438b5453b556ddcbb45637a6c6b939d3252,15e4713ed36d56bfea01ec33aeb94f449ecbe2efc78e4ae7dbe52e9f36b402ba
nornir_seal_8b4b90238c7e0724d4c6dec2dd6b541c,nornir_seal,seal,riv925_freyacave / runic_breakable_01,7CE593BC21393690,4EFD98E8E80E1239,riv925_freyacave.wad,34a3f409bd41734c8bf5290358efded7,"[-425.5906066894531,50.05684280395508,-73.21141815185547]",,,,unresolved,unclassified,blocked_unclassified,False,False,,RESEARCH_REQUIRED,False,config/collectibles/v0.10.5/all-collectibles.json,codex/collectible-ship-heads,36bf3438b5453b556ddcbb45637a6c6b939d3252,15e4713ed36d56bfea01ec33aeb94f449ecbe2efc78e4ae7dbe52e9f36b402ba
nornir_seal_ee9062f9def604e3dcc2aa2adf4203fe,nornir_seal,seal,riv925_freyacave / runic_breakable_03,7CE593BC21393690,4EFD98E8E80E1239,riv925_freyacave.wad,41ecf2d0fd74fe49b3c8a85d1febc914,"[-438.11016845703125,40.0,-32.590179443359375]",,,,unresolved,unclassified,blocked_unclassified,False,False,,RESEARCH_REQUIRED,False,config/collectibles/v0.10.5/all-collectibles.json,codex/collectible-ship-heads,36bf3438b5453b556ddcbb45637a6c6b939d3252,15e4713ed36d56bfea01ec33aeb94f449ecbe2efc78e4ae7dbe52e9f36b402ba
nornir_seal_f2f91e45016fc6149dc7198c47af560f,nornir_seal,seal,riv225_dangerscave / runic_breakable_01,7CE593BC21393690,4EFD98E8E80E1239,riv225_dangerscave.wad,a36ee69bbc6ec248b7da8667b78afa74,"[-253.8538055419922,83.55607604980469,-470.9097595214844]",,,,unresolved,unclassified,blocked_unclassified,False,False,,RESEARCH_REQUIRED,False,config/collectibles/v0.10.5/all-collectibles.json,codex/collectible-ship-heads,36bf3438b5453b556ddcbb45637a6c6b939d3252,15e4713ed36d56bfea01ec33aeb94f449ecbe2efc78e4ae7dbe52e9f36b402ba
nornir_seal_079c5535f3ec75c14991244ffdcc950e,nornir_seal,seal,xpl920_islandclimb / runic_breakable_01,7CE593BC21393690,6CB9C4F417D29A91,xpl920_islandclimb.wad,aad078d8b6d53b40941f335e16dcb700,"[233.92161138703432,-9.357049942016602,-65.88618739301364]",,,,unresolved,unclassified,blocked_unclassified,False,False,,RESEARCH_REQUIRED,False,config/collectibles/v0.10.5/all-collectibles.json,codex/collectible-ship-heads,36bf3438b5453b556ddcbb45637a6c6b939d3252,15e4713ed36d56bfea01ec33aeb94f449ecbe2efc78e4ae7dbe52e9f36b402ba
nornir_seal_55989fca9463ea8ee7b7cdf9d265ab15,nornir_seal,seal,xpl920_islandclimb / runic_breakable_03,7CE593BC21393690,6CB9C4F417D29A91,xpl920_islandclimb.wad,a233809feb563545b4685cad8dbd4f0b,"[219.53106135706457,-11.127110481262207,-74.30394165658618]",,,,unresolved,unclassified,blocked_unclassified,False,False,,RESEARCH_REQUIRED,False,config/collectibles/v0.10.5/all-collectibles.json,codex/collectible-ship-heads,36bf3438b5453b556ddcbb45637a6c6b939d3252,15e4713ed36d56bfea01ec33aeb94f449ecbe2efc78e4ae7dbe52e9f36b402ba
nornir_seal_970a5a2a138508313ec687bbe1a4d40f,nornir_seal,seal,xpl920_islandclimb / runic_breakable_02,7CE593BC21393690,6CB9C4F417D29A91,xpl920_islandclimb.wad,7b2c6fc8325e99439cfb3ca61a177d24,"[234.95350705969577,-17.15628433227539,-7.27447472467793]",,,,unresolved,unclassified,blocked_unclassified,False,False,,RESEARCH_REQUIRED,False,config/collectibles/v0.10.5/all-collectibles.json,codex/collectible-ship-heads,36bf3438b5453b556ddcbb45637a6c6b939d3252,15e4713ed36d56bfea01ec33aeb94f449ecbe2efc78e4ae7dbe52e9f36b402ba
nornir_seal_656a5fdf63955533b4fb2cc272089bd4,nornir_seal,seal,for600_spire / runic_breakable_02,7CE593BC21393690,7AF9D3D169EFE9B7,for600_spire.wad,fb57ea38de6b3a4a9d9dfe9ae0f3f12a,"[-51.00800704956042,54.2872314453125,-796.4963989257812]",,,,unresolved,unclassified,blocked_unclassified,False,False,,RESEARCH_REQUIRED,False,config/collectibles/v0.10.5/all-collectibles.json,codex/collectible-ship-heads,36bf3438b5453b556ddcbb45637a6c6b939d3252,15e4713ed36d56bfea01ec33aeb94f449ecbe2efc78e4ae7dbe52e9f36b402ba
nornir_seal_8ed2a59c055136e0241439cd29ac62cc,nornir_seal,seal,for600_spire / runic_breakable_01,7CE593BC21393690,7AF9D3D169EFE9B7,for600_spire.wad,32527c108359f745bf98cfa8e553c776,"[-41.216323852538935,51.10592269897461,-803.58056640625]",,,,unresolved,unclassified,blocked_unclassified,False,False,,RESEARCH_REQUIRED,False,config/collectibles/v0.10.5/all-collectibles.json,codex/collectible-ship-heads,36bf3438b5453b556ddcbb45637a6c6b939d3252,15e4713ed36d56bfea01ec33aeb94f449ecbe2efc78e4ae7dbe52e9f36b402ba
nornir_seal_edb597eb3fcc50d897b382f360fa5619,nornir_seal,seal,for600_spire / runic_breakable_03,7CE593BC21393690,7AF9D3D169EFE9B7,for600_spire.wad,1459c53d0848224a9171ddf1c35699ff,"[-47.48688888549792,51.43560791015625,-810.9815673828125]",,,,unresolved,unclassified,blocked_unclassified,False,False,,RESEARCH_REQUIRED,False,config/collectibles/v0.10.5/all-collectibles.json,codex/collectible-ship-heads,36bf3438b5453b556ddcbb45637a6c6b939d3252,15e4713ed36d56bfea01ec33aeb94f449ecbe2efc78e4ae7dbe52e9f36b402ba
nornir_seal_48821d4b8f6f5779ac3684af7869fffd,nornir_seal,seal,xpl200_funeral / RunicLock02,7CE593BC21393690,A1845BEF17F0E7BB,xpl200_funeral.wad,cbcfec14c375e64d8e14a5f1004bb5fc,"[-27.675853729248068,16.29448699951172,763.5586395263672]",,,,unresolved,unclassified,blocked_unclassified,False,False,,RESEARCH_REQUIRED,False,config/collectibles/v0.10.5/all-collectibles.json,codex/collectible-ship-heads,36bf3438b5453b556ddcbb45637a6c6b939d3252,15e4713ed36d56bfea01ec33aeb94f449ecbe2efc78e4ae7dbe52e9f36b402ba
nornir_seal_b645b89aaa91dadd201bd05cec2a7a9b,nornir_seal,seal,xpl200_funeral / RunicLock01,7CE593BC21393690,A1845BEF17F0E7BB,xpl200_funeral.wad,49dcd39ea3bf604fab4fcbd1ed6628b0,"[-40.48621749877931,16.5,743.4889221191406]",,,,unresolved,unclassified,blocked_unclassified,False,False,,RESEARCH_REQUIRED,False,config/collectibles/v0.10.5/all-collectibles.json,codex/collectible-ship-heads,36bf3438b5453b556ddcbb45637a6c6b939d3252,15e4713ed36d56bfea01ec33aeb94f449ecbe2efc78e4ae7dbe52e9f36b402ba
nornir_seal_e13ac1a440ed69f387db6bfbbd4be2c6,nornir_seal,seal,xpl200_funeral / RunicLock03,7CE593BC21393690,A1845BEF17F0E7BB,xpl200_funeral.wad,d04d1d8a539e5b449369a4f562c2b756,"[-15.035886764526381,11.5,721.6104965209961]",,,,unresolved,unclassified,blocked_unclassified,False,False,,RESEARCH_REQUIRED,False,config/collectibles/v0.10.5/all-collectibles.json,codex/collectible-ship-heads,36bf3438b5453b556ddcbb45637a6c6b939d3252,15e4713ed36d56bfea01ec33aeb94f449ecbe2efc78e4ae7dbe52e9f36b402ba
nornir_seal_13292091fefa7d2dde3b2ff7bfbb81c0,nornir_seal,seal,cal500_runevault / GnomeTarget_LargeA,7CE593BC21393690,AA75374C6FBBE8A6,cal500_runevault.wad,1d75521448e55d48b0c15253e0739ea5,"[-94.45817565917969,-13.035369873046875,0.7981553673744202]",,,,unresolved,unclassified,blocked_unclassified,False,False,,RESEARCH_REQUIRED,False,config/collectibles/v0.10.5/all-collectibles.json,codex/collectible-ship-heads,36bf3438b5453b556ddcbb45637a6c6b939d3252,15e4713ed36d56bfea01ec33aeb94f449ecbe2efc78e4ae7dbe52e9f36b402ba
nornir_seal_79c9f99c41034f2ba90fdd476357f622,nornir_seal,seal,cal500_runevault / GnomeTarget_LargeC,7CE593BC21393690,AA75374C6FBBE8A6,cal500_runevault.wad,124f7e4eb805de44bc41fd584b695048,"[-94.4683837890625,-13.072322845458984,1.3153241872787476]",,,,unresolved,unclassified,blocked_unclassified,False,False,,RESEARCH_REQUIRED,False,config/collectibles/v0.10.5/all-collectibles.json,codex/collectible-ship-heads,36bf3438b5453b556ddcbb45637a6c6b939d3252,15e4713ed36d56bfea01ec33aeb94f449ecbe2efc78e4ae7dbe52e9f36b402ba
nornir_seal_cbc9f8235eb56d42ab024b9c8e6dcd15,nornir_seal,seal,cal500_runevault / GnomeTarget_LargeB,7CE593BC21393690,AA75374C6FBBE8A6,cal500_runevault.wad,f72cd2d2d15d8944bc2e7b5340048a70,"[-47.29611587524414,-3.6116857528686523,-11.269210815429688]",,,,unresolved,unclassified,blocked_unclassified,False,False,,RESEARCH_REQUIRED,False,config/collectibles/v0.10.5/all-collectibles.json,codex/collectible-ship-heads,36bf3438b5453b556ddcbb45637a6c6b939d3252,15e4713ed36d56bfea01ec33aeb94f449ecbe2efc78e4ae7dbe52e9f36b402ba
nornir_seal_005aabcf8ad0669ddb3e20b78ab39600,nornir_seal,seal,peak720_summitascenthub / runic_breakable_01,7CE593BC21393690,ED623FA0A76B2934,peak720_summitascenthub.wad,89f9d966b8be2846824db0d94d26ffb0,"[-482.1833801269531,1201.344482421875,908.0135498046875]",,,,unresolved,unclassified,blocked_unclassified,False,False,,RESEARCH_REQUIRED,False,config/collectibles/v0.10.5/all-collectibles.json,codex/collectible-ship-heads,36bf3438b5453b556ddcbb45637a6c6b939d3252,15e4713ed36d56bfea01ec33aeb94f449ecbe2efc78e4ae7dbe52e9f36b402ba
nornir_seal_3f382379fb8382d20a1d19add1700693,nornir_seal,seal,peak720_summitascenthub / runic_breakable_02,7CE593BC21393690,ED623FA0A76B2934,peak720_summitascenthub.wad,61e82e15d6fdfe4ebbb2e917390f5dde,"[-468.2857666015625,1209.9522705078125,932.8223876953125]",,,,unresolved,unclassified,blocked_unclassified,False,False,,RESEARCH_REQUIRED,False,config/collectibles/v0.10.5/all-collectibles.json,codex/collectible-ship-heads,36bf3438b5453b556ddcbb45637a6c6b939d3252,15e4713ed36d56bfea01ec33aeb94f449ecbe2efc78e4ae7dbe52e9f36b402ba
nornir_seal_db19533bf8500d2138c7d45f384cea6b,nornir_seal,seal,peak720_summitascenthub / runic_breakable_03,7CE593BC21393690,ED623FA0A76B2934,peak720_summitascenthub.wad,79accdd056c94145a958d65a691f4668,"[-436.4232482910156,1201.4742431640625,918.897705078125]",,,,unresolved,unclassified,blocked_unclassified,False,False,,RESEARCH_REQUIRED,False,config/collectibles/v0.10.5/all-collectibles.json,codex/collectible-ship-heads,36bf3438b5453b556ddcbb45637a6c6b939d3252,15e4713ed36d56bfea01ec33aeb94f449ecbe2efc78e4ae7dbe52e9f36b402ba
nornir_seal_2b1559b687f2878980e106d4158ebed7,nornir_seal,seal,helr100_docks / runic_breakable_03,FE4E39694E7F6B29,FE4E39694E7F6B29,helr100_docks.wad,8f55098604a60b47b1446db74fd7b392,"[2222.191640853882,-337.41679814457893,680.1185012459755]",,,,unresolved,unclassified,blocked_unclassified,False,False,,RESEARCH_REQUIRED,False,config/collectibles/v0.10.5/all-collectibles.json,codex/collectible-ship-heads,36bf3438b5453b556ddcbb45637a6c6b939d3252,15e4713ed36d56bfea01ec33aeb94f449ecbe2efc78e4ae7dbe52e9f36b402ba
nornir_seal_625b3d6bc0435ed2a018263bccd06e6c,nornir_seal,seal,helr100_docks / runic_breakable_01,FE4E39694E7F6B29,FE4E39694E7F6B29,helr100_docks.wad,4a182b21cbc6bd40b0d7522308f77294,"[2221.6298828125,-337.951171875,685.566650390625]",,,,unresolved,unclassified,blocked_unclassified,False,False,,RESEARCH_REQUIRED,False,config/collectibles/v0.10.5/all-collectibles.json,codex/collectible-ship-heads,36bf3438b5453b556ddcbb45637a6c6b939d3252,15e4713ed36d56bfea01ec33aeb94f449ecbe2efc78e4ae7dbe52e9f36b402ba
nornir_seal_cc33e125104662754d3e29692c1f62ce,nornir_seal,seal,helr100_docks / runic_breakable_02,FE4E39694E7F6B29,FE4E39694E7F6B29,helr100_docks.wad,7951e02fb586454f981ede9bae912961,"[2196.305419921875,-339.1693420410156,722.3638916015625]",,,,unresolved,unclassified,blocked_unclassified,False,False,,RESEARCH_REQUIRED,False,config/collectibles/v0.10.5/all-collectibles.json,codex/collectible-ship-heads,36bf3438b5453b556ddcbb45637a6c6b939d3252,15e4713ed36d56bfea01ec33aeb94f449ecbe2efc78e4ae7dbe52e9f36b402ba
raven_63f2a1a74274de6df3962490fb6552e9,odin_raven,,Alfheim / alfdgn210_main / goprecisionchallenge_raven_perch,25B5C98A27101CB7,25B5C98A27101CB7,alfdgn210_main.wad,63f2a1a7-4274-de6d-f396-2490fb6552e9,"[330.25,9.578125,298.5]",RegionSummary_ALF_Raven_Parent,,,unresolved,accounting_group_matches_target,blocked_accounting_membership_and_state,False,False,,CUSTOM_MARKER_CANDIDATE,False,catalogue/odins-ravens.json,codex/all-ravens-release-candidate,f665f61935e1723c2b68d1e162cbde228e7de89b,26cb613a5e8da6efb036b245fe106aed1ad205d4cfc5271398448819b32e5d56
raven_95b9c6444d479ac68207b1829d02909b,odin_raven,,Alfheim / alf355_chiseldungeon / goprecisionchallenge_raven_perch,25B5C98A27101CB7,25B5C98A27101CB7,alf355_chiseldungeon.wad,95b9c644-4d47-9ac6-8207-b1829d02909b,"[356.0,-13.421875,150.125]",RegionSummary_ALF_Raven_Parent,,,unresolved,accounting_group_matches_target,blocked_accounting_membership_and_state,False,False,,CUSTOM_MARKER_CANDIDATE,False,catalogue/odins-ravens.json,codex/all-ravens-release-candidate,f665f61935e1723c2b68d1e162cbde228e7de89b,26cb613a5e8da6efb036b245fe106aed1ad205d4cfc5271398448819b32e5d56
raven_09c20f1b44476543307d8d8a444401f7,odin_raven,,HTTK / xpl100_httk / goprecisionchallenge_raven_perch,7CE593BC21393690,0000489975E7755D,xpl100_httk.wad,09c20f1b-4447-6543-307d-8d8a444401f7,"[213.25,-19.59375,-465.25]",RegionSummary_HTTK_Raven_Parent,,,unresolved,accounting_group_matches_target,blocked_accounting_membership_and_state,False,False,,CUSTOM_MARKER_CANDIDATE,False,catalogue/odins-ravens.json,codex/all-ravens-release-candidate,f665f61935e1723c2b68d1e162cbde228e7de89b,26cb613a5e8da6efb036b245fe106aed1ad205d4cfc5271398448819b32e5d56
raven_4f3ed8604f52329654cb89a77cb7b227,odin_raven,,HTTK / xpl150_httktemple / goprecisionchallenge_raven_perch,7CE593BC21393690,0000489975E7755D,xpl150_httktemple.wad,4f3ed860-4f52-3296-54cb-89a77cb7b227,"[352.25,-30.109375,-475.5]",RegionSummary_HTTK_Raven_Parent,,,unresolved,accounting_group_matches_target,blocked_accounting_membership_and_state,False,False,,CUSTOM_MARKER_CANDIDATE,False,catalogue/odins-ravens.json,codex/all-ravens-release-candidate,f665f61935e1723c2b68d1e162cbde228e7de89b,26cb613a5e8da6efb036b245fe106aed1ad205d4cfc5271398448819b32e5d56
raven_93bb416243c6d7afd0dadf824507fcb6,odin_raven,,HTTK / xpl100_httk / goprecisionchallenge_raven_hop,7CE593BC21393690,0000489975E7755D,xpl100_httk.wad,93bb4162-43c6-d7af-d0da-df824507fcb6,"[299.75,-29.765625,-386.25]",RegionSummary_HTTK_Raven_Parent,,,unresolved,accounting_group_matches_target,blocked_accounting_membership_and_state,False,False,,CUSTOM_MARKER_CANDIDATE,False,catalogue/odins-ravens.json,codex/all-ravens-release-candidate,f665f61935e1723c2b68d1e162cbde228e7de89b,26cb613a5e8da6efb036b245fe106aed1ad205d4cfc5271398448819b32e5d56
raven_b65148ce40189997a7ee6abb05551d95,odin_raven,,HTTK / xpl100_httk / goprecisionchallenge_raven_perch1,7CE593BC21393690,0000489975E7755D,xpl100_httk.wad,b65148ce-4018-9997-a7ee-6abb05551d95,"[395.0,-45.5,-352.75]",RegionSummary_HTTK_Raven_Parent,,,unresolved,accounting_group_matches_target,blocked_accounting_membership_and_state,False,False,,CUSTOM_MARKER_CANDIDATE,False,catalogue/odins-ravens.json,codex/all-ravens-release-candidate,f665f61935e1723c2b68d1e162cbde228e7de89b,26cb613a5e8da6efb036b245fe106aed1ad205d4cfc5271398448819b32e5d56
raven_ce4340a84992a449844e0394671c59eb,odin_raven,,HTTK / xpl170_httkcaver / goprecisionchallenge_raven_perch,7CE593BC21393690,0000489975E7755D,xpl170_httkcaver.wad,ce4340a8-4992-a449-844e-0394671c59eb,"[432.25,-46.0,-480.0]",RegionSummary_HTTK_Raven_Parent,,,unresolved,accounting_group_matches_target,blocked_accounting_membership_and_state,False,False,,CUSTOM_MARKER_CANDIDATE,False,catalogue/odins-ravens.json,codex/all-ravens-release-candidate,f665f61935e1723c2b68d1e162cbde228e7de89b,26cb613a5e8da6efb036b245fe106aed1ad205d4cfc5271398448819b32e5d56
raven_7ffe9f6e4e18734cebadc892d24801e4,odin_raven,,BeachCave / xpl940_beachcave / goprecisionchallenge_raven_perch_04,7CE593BC21393690,018E0CE2EAEAA53D,xpl940_beachcave.wad,7ffe9f6e-4e18-734c-ebad-c892d24801e4,"[130.0,0.93701171875,-141.625]",RegionSummary_BC_Raven_Parent,,,unresolved,accounting_group_matches_target,blocked_accounting_membership_and_state,False,False,,CUSTOM_MARKER_CANDIDATE,False,catalogue/odins-ravens.json,codex/all-ravens-release-candidate,f665f61935e1723c2b68d1e162cbde228e7de89b,26cb613a5e8da6efb036b245fe106aed1ad205d4cfc5271398448819b32e5d56
raven_bc9c2cea4b7e1feaf09bb58f1b691035,odin_raven,,BeachCave / xpl940_beachcave / goprecisionchallenge_raven_perch_03,7CE593BC21393690,018E0CE2EAEAA53D,xpl940_beachcave.wad,bc9c2cea-4b7e-1fea-f09b-b58f1b691035,"[63.25,7.609375,-191.5]",RegionSummary_BC_Raven_Parent,,,unresolved,accounting_group_matches_target,blocked_accounting_membership_and_state,False,False,,CUSTOM_MARKER_CANDIDATE,False,catalogue/odins-ravens.json,codex/all-ravens-release-candidate,f665f61935e1723c2b68d1e162cbde228e7de89b,26cb613a5e8da6efb036b245fe106aed1ad205d4cfc5271398448819b32e5d56
raven_2b86b2ad4f6c006d5f6db0af57a190a4,odin_raven,,BeachMaze / xpl950_beachmaze / goprecisionchallenge_raven_perch,7CE593BC21393690,018E325B7D1CFC3B,xpl950_beachmaze.wad,2b86b2ad-4f6c-006d-5f6d-b0af57a190a4,"[-178.0,1.7841796875,304.0]",RegionSummary_BM_Raven_Parent,,,unresolved,accounting_group_matches_target,blocked_accounting_membership_and_state,False,False,,CUSTOM_MARKER_CANDIDATE,False,catalogue/odins-ravens.json,codex/all-ravens-release-candidate,f665f61935e1723c2b68d1e162cbde228e7de89b,26cb613a5e8da6efb036b245fe106aed1ad205d4cfc5271398448819b32e5d56
raven_9deba5114d8045898dafc5be9add793b,odin_raven,,IslandArch / xpl900_islandarch / goprecisionchallenge_raven_hop1,7CE593BC21393690,0B6DF6C03C11EAB1,xpl900_islandarch.wad,9deba511-4d80-4589-8daf-c5be9add793b,"[99.375,-8.7890625,278.75]",RegionSummary_ISA_Raven_Parent,,,unresolved,accounting_group_matches_target,blocked_accounting_membership_and_state,False,False,,CUSTOM_MARKER_CANDIDATE,False,catalogue/odins-ravens.json,codex/all-ravens-release-candidate,f665f61935e1723c2b68d1e162cbde228e7de89b,26cb613a5e8da6efb036b245fe106aed1ad205d4cfc5271398448819b32e5d56
raven_fa8d596f445ba456bc5b11905aa4af07,odin_raven,,MasonTrail / cal270_stonemasonlh / goodinsravin03,7CE593BC21393690,254A1280A3285151,cal270_stonemasonlh.wad,fa8d596f-445b-a456-bc5b-11905aa4af07,"[177.0,3.759765625,163.625]",RegionSummary_MT_Raven_Parent,,,unresolved,accounting_group_matches_target,blocked_accounting_membership_and_state,False,False,,CUSTOM_MARKER_CANDIDATE,False,catalogue/odins-ravens.json,codex/all-ravens-release-candidate,f665f61935e1723c2b68d1e162cbde228e7de89b,26cb613a5e8da6efb036b245fe106aed1ad205d4cfc5271398448819b32e5d56
raven_62fbf37c443c70aeca40ac840f6084b1,odin_raven,,IslandShipwreck / xpl910_islandshipwreck / goprecisionchallenge_raven_perch,7CE593BC21393690,2FDD4E80C774CB0E,xpl910_islandshipwreck.wad,62fbf37c-443c-70ae-ca40-ac840f6084b1,"[-195.0,-19.65625,-199.375]",RegionSummary_ISW_Raven_Parent,,,unresolved,accounting_group_matches_target,blocked_accounting_membership_and_state,False,False,,CUSTOM_MARKER_CANDIDATE,False,catalogue/odins-ravens.json,codex/all-ravens-release-candidate,f665f61935e1723c2b68d1e162cbde228e7de89b,26cb613a5e8da6efb036b245fe106aed1ad205d4cfc5271398448819b32e5d56
raven_11d083554dd320d5e23ccca24f339acd,odin_raven,,BeachTower / xpl970_beachtower / goprecisionchallenge_raven_hover02_001,7CE593BC21393690,3A9BFC89F5AB6FE3,xpl970_beachtower.wad,11d08355-4dd3-20d5-e23c-cca24f339acd,"[-247.5,15.3359375,174.25]",RegionSummary_BT_Raven_Parent,,,unresolved,accounting_group_matches_target,blocked_accounting_membership_and_state,False,False,,CUSTOM_MARKER_CANDIDATE,False,catalogue/odins-ravens.json,codex/all-ravens-release-candidate,f665f61935e1723c2b68d1e162cbde228e7de89b,26cb613a5e8da6efb036b245fe106aed1ad205d4cfc5271398448819b32e5d56
raven_0b07c75f438ce0cfe8b6feb7731ffc9c,odin_raven,,HuldraMine01 / xpl425_huldramineslh / goprecisionchallenge_raven_hover,7CE593BC21393690,3E2B34150449C3E7,xpl425_huldramineslh.wad,0b07c75f-438c-e0cf-e8b6-feb7731ffc9c,"[-234.0,7.7109375,430.75]",RegionSummary_HM01_Raven_Parent,,,unresolved,accounting_group_matches_target,blocked_accounting_membership_and_state,False,False,,CUSTOM_MARKER_CANDIDATE,False,catalogue/odins-ravens.json,codex/all-ravens-release-candidate,f665f61935e1723c2b68d1e162cbde228e7de89b,26cb613a5e8da6efb036b245fe106aed1ad205d4cfc5271398448819b32e5d56
raven_349cc1eb4752a6149cf89f9f94644092,odin_raven,,HuldraMine02 / xpl475_huldramineslh / goprecisionchallenge_raven_perch,7CE593BC21393690,3E2B34150449C7F6,xpl475_huldramineslh.wad,349cc1eb-4752-a614-9cf8-9f9f94644092,"[-499.0,-8.9765625,-174.75]",RegionSummary_HM02_Raven_Parent,,,unresolved,accounting_group_matches_target,blocked_accounting_membership_and_state,False,False,,CUSTOM_MARKER_CANDIDATE,False,catalogue/odins-ravens.json,codex/all-ravens-release-candidate,f665f61935e1723c2b68d1e162cbde228e7de89b,26cb613a5e8da6efb036b245fe106aed1ad205d4cfc5271398448819b32e5d56
raven_d869e60744104a9e8865428d5fc2f63a,odin_raven,,HuldraMine02 / xpl450_huldramines / goprecisionchallenge_raven_perch,7CE593BC21393690,3E2B34150449C7F6,xpl450_huldramines.wad,d869e607-4410-4a9e-8865-428d5fc2f63a,"[-484.75,-18.96875,-81.9375]",RegionSummary_HM02_Raven_Parent,,,unresolved,accounting_group_matches_target,blocked_accounting_membership_and_state,False,False,,CUSTOM_MARKER_CANDIDATE,False,catalogue/odins-ravens.json,codex/all-ravens-release-candidate,f665f61935e1723c2b68d1e162cbde228e7de89b,26cb613a5e8da6efb036b245fe106aed1ad205d4cfc5271398448819b32e5d56
raven_100bb5c44d6b69eba68eb895d005f956,odin_raven,,Riverpass / riv200_dangersmain / goraven_perch1,7CE593BC21393690,4EFD98E8E80E1239,riv200_dangersmain.wad,100bb5c4-4d6b-69eb-a68e-b895d005f956,"[-242.75,92.5625,-456.0]",RegionSummary_RP_Raven_Parent,,,unresolved,accounting_membership_unresolved_surplus_group,blocked_accounting_membership_and_state,False,False,,CUSTOM_MARKER_CANDIDATE,False,catalogue/odins-ravens.json,codex/all-ravens-release-candidate,f665f61935e1723c2b68d1e162cbde228e7de89b,26cb613a5e8da6efb036b245fe106aed1ad205d4cfc5271398448819b32e5d56
raven_5a652cfb4af86af517b33c8676dbbfc5,odin_raven,,Riverpass / riv975_chiselarena / goprecisionchallenge_raven_perch,7CE593BC21393690,4EFD98E8E80E1239,riv975_chiselarena.wad,5a652cfb-4af8-6af5-17b3-3c8676dbbfc5,"[-503.5,25.40625,146.0]",RegionSummary_RP_Raven_Parent,,,unresolved,accounting_membership_unresolved_surplus_group,blocked_accounting_membership_and_state,False,False,,CUSTOM_MARKER_CANDIDATE,False,catalogue/odins-ravens.json,codex/all-ravens-release-candidate,f665f61935e1723c2b68d1e162cbde228e7de89b,26cb613a5e8da6efb036b245fe106aed1ad205d4cfc5271398448819b32e5d56
raven_97e41c48491b177e804019a649735e58,odin_raven,,Riverpass / riv400_forestintro / goprecisionchallenge_raven_perch,7CE593BC21393690,4EFD98E8E80E1239,riv400_forestintro.wad,97e41c48-491b-177e-8040-19a649735e58,"[-358.75,108.625,-393.25]",RegionSummary_RP_Raven_Parent,,,unresolved,accounting_membership_unresolved_surplus_group,blocked_accounting_membership_and_state,False,False,,CUSTOM_MARKER_CANDIDATE,False,catalogue/odins-ravens.json,codex/all-ravens-release-candidate,f665f61935e1723c2b68d1e162cbde228e7de89b,26cb613a5e8da6efb036b245fe106aed1ad205d4cfc5271398448819b32e5d56
raven_ac45261c43ee745cd2e20a9cf61a817d,odin_raven,,Riverpass / riv475_freyahouseext / goprecisionchallenge_raven_perch,7CE593BC21393690,4EFD98E8E80E1239,riv475_freyahouseext.wad,ac45261c-43ee-745c-d2e2-0a9cf61a817d,"[-405.25,69.8125,0.88623046875]",RegionSummary_RP_Raven_Parent,,,unresolved,accounting_membership_unresolved_surplus_group,blocked_accounting_membership_and_state,False,False,,CUSTOM_MARKER_CANDIDATE,False,catalogue/odins-ravens.json,codex/all-ravens-release-candidate,f665f61935e1723c2b68d1e162cbde228e7de89b,26cb613a5e8da6efb036b245fe106aed1ad205d4cfc5271398448819b32e5d56
raven_ccbc62d64eb0f79bbf76e9a08401a137,odin_raven,,Riverpass / riv420_forestboarstart / goprecisionchallenge_raven_perch,7CE593BC21393690,4EFD98E8E80E1239,riv420_forestboarstart.wad,ccbc62d6-4eb0-f79b-bf76-e9a08401a137,"[-346.5,99.9375,-328.0]",RegionSummary_RP_Raven_Parent,,,unresolved,accounting_membership_unresolved_surplus_group,blocked_accounting_membership_and_state,False,False,,CUSTOM_MARKER_CANDIDATE,False,catalogue/odins-ravens.json,codex/all-ravens-release-candidate,f665f61935e1723c2b68d1e162cbde228e7de89b,26cb613a5e8da6efb036b245fe106aed1ad205d4cfc5271398448819b32e5d56
raven_d9db91914694cfe73fa5b9abb208d25d,odin_raven,,Riverpass / riv200_dangersmain / goraven_perch,7CE593BC21393690,4EFD98E8E80E1239,riv200_dangersmain.wad,d9db9191-4694-cfe7-3fa5-b9abb208d25d,"[-273.75,89.4375,-548.0]",RegionSummary_RP_Raven_Parent,,,unresolved,accounting_membership_unresolved_surplus_group,blocked_accounting_membership_and_state,False,False,,CUSTOM_MARKER_CANDIDATE,False,catalogue/odins-ravens.json,codex/all-ravens-release-candidate,f665f61935e1723c2b68d1e162cbde228e7de89b,26cb613a5e8da6efb036b245fe106aed1ad205d4cfc5271398448819b32e5d56
raven_f8fdd3a4438c9697f8aa308323b2465e,odin_raven,,Riverpass / riv430_forestboartrack / goprecisionchallenge_raven_perch,7CE593BC21393690,4EFD98E8E80E1239,riv430_forestboartrack.wad,f8fdd3a4-438c-9697-f8aa-308323b2465e,"[-383.75,75.8125,-277.0]",RegionSummary_RP_Raven_Parent,,,unresolved,accounting_membership_unresolved_surplus_group,blocked_accounting_membership_and_state,False,False,,CUSTOM_MARKER_CANDIDATE,False,catalogue/odins-ravens.json,codex/all-ravens-release-candidate,f665f61935e1723c2b68d1e162cbde228e7de89b,26cb613a5e8da6efb036b245fe106aed1ad205d4cfc5271398448819b32e5d56
raven_2862a927444bf9df95a605b6a1cfec2b,odin_raven,,Foothills / foot500_top / goprecisionchallenge_raven_hop,7CE593BC21393690,62F2A92841484ABF,foot500_top.wad,2862a927-444b-f9df-95a6-05b6a1cfec2b,"[-364.5,60.96875,378.75]",RegionSummary_FOOT_Raven_Parent,,,unresolved,accounting_group_matches_target,blocked_accounting_membership_and_state,False,False,,CUSTOM_MARKER_CANDIDATE,False,catalogue/odins-ravens.json,codex/all-ravens-release-candidate,f665f61935e1723c2b68d1e162cbde228e7de89b,26cb613a5e8da6efb036b245fe106aed1ad205d4cfc5271398448819b32e5d56
raven_e4d9b53e4e0330fc07421d8fea348f1d,odin_raven,,Foothills / foot250_chiselarena / goprecisionchallenge_raven_hop,7CE593BC21393690,62F2A92841484ABF,foot250_chiselarena.wad,e4d9b53e-4e03-30fc-0742-1d8fea348f1d,"[-482.75,11.703125,246.125]",RegionSummary_FOOT_Raven_Parent,,,unresolved,accounting_group_matches_target,blocked_accounting_membership_and_state,False,False,,CUSTOM_MARKER_CANDIDATE,False,catalogue/odins-ravens.json,codex/all-ravens-release-candidate,f665f61935e1723c2b68d1e162cbde228e7de89b,26cb613a5e8da6efb036b245fe106aed1ad205d4cfc5271398448819b32e5d56
raven_ef8568004bd6283b79b4819bb3e5cb0f,odin_raven,,BeachWaterfall / xpl980_beachwaterfall / goprecisionchallenge_raven_hop,7CE593BC21393690,6732D984CAA9285A,xpl980_beachwaterfall.wad,ef856800-4bd6-283b-79b4-819bb3e5cb0f,"[112.0,14.0546875,355.25]",RegionSummary_BW_Raven_Parent,,,unresolved,accounting_group_matches_target,blocked_accounting_membership_and_state,False,False,,CUSTOM_MARKER_CANDIDATE,False,catalogue/odins-ravens.json,codex/all-ravens-release-candidate,f665f61935e1723c2b68d1e162cbde228e7de89b,26cb613a5e8da6efb036b245fe106aed1ad205d4cfc5271398448819b32e5d56
raven_7ea7fe24483df9d884fd4790840bf692,odin_raven,,HuldraStronghold / xpl300_stronghold / goprecisionchallenge_raven_perch,7CE593BC21393690,7071EB6E695042F0,xpl300_stronghold.wad,7ea7fe24-483d-f9d8-84fd-4790840bf692,"[742.0,-4.875,-261.0]",RegionSummary_HSH_Raven_Parent,,,unresolved,accounting_group_matches_target,blocked_accounting_membership_and_state,False,False,,CUSTOM_MARKER_CANDIDATE,False,catalogue/odins-ravens.json,codex/all-ravens-release-candidate,f665f61935e1723c2b68d1e162cbde228e7de89b,26cb613a5e8da6efb036b245fe106aed1ad205d4cfc5271398448819b32e5d56
raven_e01f95a84dd1e99dde0952856855399d,odin_raven,,HuldraStronghold / xpl300_stronghold / goprecisionchallenge_raven_perch1,7CE593BC21393690,7071EB6E695042F0,xpl300_stronghold.wad,e01f95a8-4dd1-e99d-de09-52856855399d,"[613.5,-14.4921875,-131.0]",RegionSummary_HSH_Raven_Parent,,,unresolved,accounting_group_matches_target,blocked_accounting_membership_and_state,False,False,,CUSTOM_MARKER_CANDIDATE,False,catalogue/odins-ravens.json,codex/all-ravens-release-candidate,f665f61935e1723c2b68d1e162cbde228e7de89b,26cb613a5e8da6efb036b245fe106aed1ad205d4cfc5271398448819b32e5d56
raven_14a87a63401390815b4e4ab2b4e619d0,odin_raven,,ForestDungeon / xpl875_dungeonforestlh / goprecisionchallenge_raven_perch,7CE593BC21393690,7880D593C85F2451,xpl875_dungeonforestlh.wad,14a87a63-4013-9081-5b4e-4ab2b4e619d0,"[69.0,7.0703125,-385.75]",RegionSummary_FD_Raven_Parent,,,unresolved,accounting_group_matches_target,blocked_accounting_membership_and_state,False,False,,CUSTOM_MARKER_CANDIDATE,False,catalogue/odins-ravens.json,codex/all-ravens-release-candidate,f665f61935e1723c2b68d1e162cbde228e7de89b,26cb613a5e8da6efb036b245fe106aed1ad205d4cfc5271398448819b32e5d56
raven_3f0baac6405889c7478896801b6a637c,odin_raven,,ForestDungeon / xpl850_dungeonforest / goprecisionchallenge_raven_hover1,7CE593BC21393690,7880D593C85F2451,xpl850_dungeonforest.wad,3f0baac6-4058-89c7-4788-96801b6a637c,"[10.296875,14.5,-585.0]",RegionSummary_FD_Raven_Parent,,,unresolved,accounting_group_matches_target,blocked_accounting_membership_and_state,False,False,,CUSTOM_MARKER_CANDIDATE,False,catalogue/odins-ravens.json,codex/all-ravens-release-candidate,f665f61935e1723c2b68d1e162cbde228e7de89b,26cb613a5e8da6efb036b245fe106aed1ad205d4cfc5271398448819b32e5d56
raven_97b753a94e069b45a5e031b81a5b9f91,odin_raven,,ForestDungeon / xpl875_dungeonforestlh / goprecisionchallenge_raven_hover,7CE593BC21393690,7880D593C85F2451,xpl875_dungeonforestlh.wad,97b753a9-4e06-9b45-a5e0-31b81a5b9f91,"[70.75,8.0,-452.5]",RegionSummary_FD_Raven_Parent,,,unresolved,accounting_group_matches_target,blocked_accounting_membership_and_state,False,False,,CUSTOM_MARKER_CANDIDATE,False,catalogue/odins-ravens.json,codex/all-ravens-release-candidate,f665f61935e1723c2b68d1e162cbde228e7de89b,26cb613a5e8da6efb036b245fe106aed1ad205d4cfc5271398448819b32e5d56
raven_ad56521740c745076417e99ddf1dd7a4,odin_raven,,ForestDungeon / xpl850_dungeonforest / goprecisionchallenge_raven_perch1,7CE593BC21393690,7880D593C85F2451,xpl850_dungeonforest.wad,ad565217-40c7-4507-6417-e99ddf1dd7a4,"[55.46875,12.5703125,-560.5]",RegionSummary_FD_Raven_Parent,,,unresolved,accounting_group_matches_target,blocked_accounting_membership_and_state,False,False,,CUSTOM_MARKER_CANDIDATE,False,catalogue/odins-ravens.json,codex/all-ravens-release-candidate,f665f61935e1723c2b68d1e162cbde228e7de89b,26cb613a5e8da6efb036b245fe106aed1ad205d4cfc5271398448819b32e5d56
raven_b5ec8398449f573b8a70b7a4fb1154af,odin_raven,,ForestDungeon / xpl850_dungeonforest / goprecisionchallenge_raven_perch,7CE593BC21393690,7880D593C85F2451,xpl850_dungeonforest.wad,b5ec8398-449f-573b-8a70-b7a4fb1154af,"[78.125,-0.150146484375,-512.0]",RegionSummary_FD_Raven_Parent,,,unresolved,accounting_group_matches_target,blocked_accounting_membership_and_state,False,False,,CUSTOM_MARKER_CANDIDATE,False,catalogue/odins-ravens.json,codex/all-ravens-release-candidate,f665f61935e1723c2b68d1e162cbde228e7de89b,26cb613a5e8da6efb036b245fe106aed1ad205d4cfc5271398448819b32e5d56
raven_528d332048f734d84b2f8ca26b3abafc,odin_raven,,Forest / for260_chiseldungeon / goprecisionchallenge_raven_hover03,7CE593BC21393690,7AF9D3D169EFE9B7,for260_chiseldungeon.wad,528d3320-48f7-34d8-4b2f-8ca26b3abafc,"[-207.5,27.5,-891.5]",RegionSummary_FOR_Raven_Parent,,,unresolved,accounting_group_matches_target,blocked_accounting_membership_and_state,False,False,,CUSTOM_MARKER_CANDIDATE,False,catalogue/odins-ravens.json,codex/all-ravens-release-candidate,f665f61935e1723c2b68d1e162cbde228e7de89b,26cb613a5e8da6efb036b245fe106aed1ad205d4cfc5271398448819b32e5d56
raven_4b8990ee4053cd00d13299928da1a9fc,odin_raven,,CalderaShores / xpl910_islandshipwreck / goprecisionchallenge_raven_perch1,7CE593BC21393690,7B7F0B522FFA9124,xpl910_islandshipwreck.wad,4b8990ee-4053-cd00-d132-99928da1a9fc,"[-250.75,-3.53125,-89.1875]",RegionSummary_CALS_Raven_Parent,,,unresolved,accounting_membership_unresolved_surplus_group,blocked_accounting_membership_and_state,False,False,,CUSTOM_MARKER_CANDIDATE,False,catalogue/odins-ravens.json,codex/all-ravens-release-candidate,f665f61935e1723c2b68d1e162cbde228e7de89b,26cb613a5e8da6efb036b245fe106aed1ad205d4cfc5271398448819b32e5d56
raven_df5a6f7543fa157f4cd630a19c038deb,odin_raven,,CalderaShores / xpl930_beachruins / goprecisionchallenge_raven_perch,7CE593BC21393690,7B7F0B522FFA9124,xpl930_beachruins.wad,df5a6f75-43fa-157f-4cd6-30a19c038deb,"[295.0,-8.765625,-174.625]",RegionSummary_CALS_Raven_Parent,,,unresolved,accounting_membership_unresolved_surplus_group,blocked_accounting_membership_and_state,False,False,,CUSTOM_MARKER_CANDIDATE,False,catalogue/odins-ravens.json,codex/all-ravens-release-candidate,f665f61935e1723c2b68d1e162cbde228e7de89b,26cb613a5e8da6efb036b245fe106aed1ad205d4cfc5271398448819b32e5d56
raven_8ca357c445d32c015159d6b93e173686,odin_raven,,Stonemason / stn090_lakevista / goprecisionchallenge_raven_hop,7CE593BC21393690,848BB2D584D32E1B,stn090_lakevista.wad,8ca357c4-45d3-2c01-5159-d6b93e173686,"[456.75,-2.572265625,133.625]",RegionSummary_SM_Raven_Parent,,,unresolved,accounting_group_matches_target,blocked_accounting_membership_and_state,False,False,,CUSTOM_MARKER_CANDIDATE,False,catalogue/odins-ravens.json,codex/all-ravens-release-candidate,f665f61935e1723c2b68d1e162cbde228e7de89b,26cb613a5e8da6efb036b245fe106aed1ad205d4cfc5271398448819b32e5d56
raven_a70cd386408985c8bedbc98a7aaed456,odin_raven,,Stonemason / stn110_chiselarena / goprecisionchallenge_raven_perch,7CE593BC21393690,848BB2D584D32E1B,stn110_chiselarena.wad,a70cd386-4089-85c8-bedb-c98a7aaed456,"[574.0,-34.875,151.75]",RegionSummary_SM_Raven_Parent,,,unresolved,accounting_group_matches_target,blocked_accounting_membership_and_state,False,False,,CUSTOM_MARKER_CANDIDATE,False,catalogue/odins-ravens.json,codex/all-ravens-release-candidate,f665f61935e1723c2b68d1e162cbde228e7de89b,26cb613a5e8da6efb036b245fe106aed1ad205d4cfc5271398448819b32e5d56
raven_73ac895445d967756cbf34ac591ac205,odin_raven,,BeachShipwreck / xpl960_beachship / goprecisionchallenge_raven_hoop,7CE593BC21393690,9391E1AF5C0C0C70,xpl960_beachship.wad,73ac8954-45d9-6775-6cbf-34ac591ac205,"[-259.0,5.33203125,-285.25]",RegionSummary_BSW_Raven_Parent,,,unresolved,accounting_group_matches_target,blocked_accounting_membership_and_state,False,False,,CUSTOM_MARKER_CANDIDATE,False,catalogue/odins-ravens.json,codex/all-ravens-release-candidate,f665f61935e1723c2b68d1e162cbde228e7de89b,26cb613a5e8da6efb036b245fe106aed1ad205d4cfc5271398448819b32e5d56
raven_642d0d164af0a5d4076e77933c549a5d,odin_raven,,VikingFuneral / xpl200_funeral / goprecisionchallenge_raven_perch,7CE593BC21393690,A1845BEF17F0E7BB,xpl200_funeral.wad,642d0d16-4af0-a5d4-076e-77933c549a5d,"[-64.875,12.984375,787.5]",RegionSummary_VF_Raven_Parent,,,unresolved,accounting_group_matches_target,blocked_accounting_membership_and_state,False,False,,CUSTOM_MARKER_CANDIDATE,False,catalogue/odins-ravens.json,codex/all-ravens-release-candidate,f665f61935e1723c2b68d1e162cbde228e7de89b,26cb613a5e8da6efb036b245fe106aed1ad205d4cfc5271398448819b32e5d56
raven_c945cb53465b58decfcbd4a221cb5326,odin_raven,,VikingFuneral / xpl200_funeral / goprecisionchallenge_raven_hover,7CE593BC21393690,A1845BEF17F0E7BB,xpl200_funeral.wad,c945cb53-465b-58de-cfcb-d4a221cb5326,"[122.625,17.375,679.0]",RegionSummary_VF_Raven_Parent,,,unresolved,accounting_group_matches_target,blocked_accounting_membership_and_state,False,False,,CUSTOM_MARKER_CANDIDATE,False,catalogue/odins-ravens.json,codex/all-ravens-release-candidate,f665f61935e1723c2b68d1e162cbde228e7de89b,26cb613a5e8da6efb036b245fe106aed1ad205d4cfc5271398448819b32e5d56
raven_e32f7bab42fd7298890f6aa56a734562,odin_raven,,VikingFuneral / xpl200_funeral / goprecisionchallenge_raven_perch1,7CE593BC21393690,A1845BEF17F0E7BB,xpl200_funeral.wad,e32f7bab-42fd-7298-890f-6aa56a734562,"[-127.9375,15.578125,690.0]",RegionSummary_VF_Raven_Parent,,,unresolved,accounting_group_matches_target,blocked_accounting_membership_and_state,False,False,,CUSTOM_MARKER_CANDIDATE,False,catalogue/odins-ravens.json,codex/all-ravens-release-candidate,f665f61935e1723c2b68d1e162cbde228e7de89b,26cb613a5e8da6efb036b245fe106aed1ad205d4cfc5271398448819b32e5d56
raven_4532135740478ac108377e8b1c51a501,odin_raven,,Peakspass / peak140_caverndark / goprecisionchallenge_raven_hover,7CE593BC21393690,ED623FA0A76B2934,peak140_caverndark.wad,45321357-4047-8ac1-0837-7e8b1c51a501,"[-456.5,100.4375,616.5]",RegionSummary_PP_Raven_Parent,,,unresolved,accounting_group_matches_target,blocked_accounting_membership_and_state,False,False,,CUSTOM_MARKER_CANDIDATE,False,catalogue/odins-ravens.json,codex/all-ravens-release-candidate,f665f61935e1723c2b68d1e162cbde228e7de89b,26cb613a5e8da6efb036b245fe106aed1ad205d4cfc5271398448819b32e5d56
raven_5a498384495d58916e944883eb2c90bb,odin_raven,,Peakspass / peak260_chimneylowhall / goprecisionchallenge_raven_hover,7CE593BC21393690,ED623FA0A76B2934,peak260_chimneylowhall.wad,5a498384-495d-5891-6e94-4883eb2c90bb,"[-336.5,140.125,856.5]",RegionSummary_PP_Raven_Parent,,,unresolved,accounting_group_matches_target,blocked_accounting_membership_and_state,False,False,,CUSTOM_MARKER_CANDIDATE,False,catalogue/odins-ravens.json,codex/all-ravens-release-candidate,f665f61935e1723c2b68d1e162cbde228e7de89b,26cb613a5e8da6efb036b245fe106aed1ad205d4cfc5271398448819b32e5d56
raven_b88e14b5413082e98c4d9cadcbf6ad10,odin_raven,,Peakspass / peak210_rollerroomlh / goraven,7CE593BC21393690,ED623FA0A76B2934,peak210_rollerroomlh.wad,b88e14b5-4130-82e9-8c4d-9cadcbf6ad10,"[-278.25,142.5,781.0]",RegionSummary_PP_Raven_Parent,,,unresolved,accounting_group_matches_target,blocked_accounting_membership_and_state,False,False,,CUSTOM_MARKER_CANDIDATE,False,catalogue/odins-ravens.json,codex/all-ravens-release-candidate,f665f61935e1723c2b68d1e162cbde228e7de89b,26cb613a5e8da6efb036b245fe106aed1ad205d4cfc5271398448819b32e5d56
raven_fb1ebb004216311e237c36b23a10707b,odin_raven,,Peakspass / peak205_chiselarena / goprecisionchallenge_raven_hop,7CE593BC21393690,ED623FA0A76B2934,peak205_chiselarena.wad,fb1ebb00-4216-311e-237c-36b23a10707b,"[-477.0,115.4375,895.0]",RegionSummary_PP_Raven_Parent,,,unresolved,accounting_group_matches_target,blocked_accounting_membership_and_state,False,False,,CUSTOM_MARKER_CANDIDATE,False,catalogue/odins-ravens.json,codex/all-ravens-release-candidate,f665f61935e1723c2b68d1e162cbde228e7de89b,26cb613a5e8da6efb036b245fe106aed1ad205d4cfc5271398448819b32e5d56
raven_2811daa04ce30f079ff758b3bf04369d,odin_raven,,Helheim / hel300_mainbridge / goprecisionchallenge_raven_perch3,FE4E39694E7F6B29,FE4E39694E7F6B29,hel300_mainbridge.wad,2811daa0-4ce3-0f07-9ff7-58b3bf04369d,"[357.0,-4.4609375,31.578125]",RegionSummary_HEL_Raven_Parent,,,unresolved,accounting_group_matches_target,blocked_accounting_membership_and_state,False,False,,CUSTOM_MARKER_CANDIDATE,False,catalogue/odins-ravens.json,codex/all-ravens-release-candidate,f665f61935e1723c2b68d1e162cbde228e7de89b,26cb613a5e8da6efb036b245fe106aed1ad205d4cfc5271398448819b32e5d56
raven_595d8539488753c54fa471a46631e8c7,odin_raven,,Helheim / hel300_mainbridge / goprecisionchallenge_raven_perch,FE4E39694E7F6B29,FE4E39694E7F6B29,hel300_mainbridge.wad,595d8539-4887-53c5-4fa4-71a46631e8c7,"[321.75,13.953125,79.75]",RegionSummary_HEL_Raven_Parent,,,unresolved,accounting_group_matches_target,blocked_accounting_membership_and_state,False,False,,CUSTOM_MARKER_CANDIDATE,False,catalogue/odins-ravens.json,codex/all-ravens-release-candidate,f665f61935e1723c2b68d1e162cbde228e7de89b,26cb613a5e8da6efb036b245fe106aed1ad205d4cfc5271398448819b32e5d56
raven_69a8e9f3434cd84b48c7c688094ed2e4,odin_raven,,Helheim / hel300_mainbridge / goprecisionchallenge_raven_perch2,FE4E39694E7F6B29,FE4E39694E7F6B29,hel300_mainbridge.wad,69a8e9f3-434c-d84b-48c7-c688094ed2e4,"[349.25,13.6171875,12.3359375]",RegionSummary_HEL_Raven_Parent,,,unresolved,accounting_group_matches_target,blocked_accounting_membership_and_state,False,False,,CUSTOM_MARKER_CANDIDATE,False,catalogue/odins-ravens.json,codex/all-ravens-release-candidate,f665f61935e1723c2b68d1e162cbde228e7de89b,26cb613a5e8da6efb036b245fe106aed1ad205d4cfc5271398448819b32e5d56
raven_7ffab2af4d6e2c7e7a9d42a58943bdf1,odin_raven,,Helheim / hel300_mainbridge / goprecisionchallenge_raven_hover2,FE4E39694E7F6B29,FE4E39694E7F6B29,hel300_mainbridge.wad,7ffab2af-4d6e-2c7e-7a9d-42a58943bdf1,"[314.75,-27.484375,58.90625]",RegionSummary_HEL_Raven_Parent,,,unresolved,accounting_group_matches_target,blocked_accounting_membership_and_state,False,False,,CUSTOM_MARKER_CANDIDATE,False,catalogue/odins-ravens.json,codex/all-ravens-release-candidate,f665f61935e1723c2b68d1e162cbde228e7de89b,26cb613a5e8da6efb036b245fe106aed1ad205d4cfc5271398448819b32e5d56
raven_a824e12946c803e8511da79bc52a193f,odin_raven,,Helheim / hel100_calderaheldressing / goprecisionchallenge_raven_perch,FE4E39694E7F6B29,FE4E39694E7F6B29,hel100_calderaheldressing.wad,a824e129-46c8-03e8-511d-a79bc52a193f,"[100.375,13.265625,50.09375]",RegionSummary_HEL_Raven_Parent,,,unresolved,accounting_group_matches_target,blocked_accounting_membership_and_state,False,False,,CUSTOM_MARKER_CANDIDATE,False,catalogue/odins-ravens.json,codex/all-ravens-release-candidate,f665f61935e1723c2b68d1e162cbde228e7de89b,26cb613a5e8da6efb036b245fe106aed1ad205d4cfc5271398448819b32e5d56
raven_b13e52024ecc5909d1fe478ee2c54e8c,odin_raven,,Helheim / hel350_chiselarena / goprecisionchallenge_raven_perch,FE4E39694E7F6B29,FE4E39694E7F6B29,hel350_chiselarena.wad,b13e5202-4ecc-5909-d1fe-478ee2c54e8c,"[346.5,-2.005859375,-74.625]",RegionSummary_HEL_Raven_Parent,,,unresolved,accounting_group_matches_target,blocked_accounting_membership_and_state,False,False,,CUSTOM_MARKER_CANDIDATE,False,catalogue/odins-ravens.json,codex/all-ravens-release-candidate,f665f61935e1723c2b68d1e162cbde228e7de89b,26cb613a5e8da6efb036b245fe106aed1ad205d4cfc5271398448819b32e5d56
